id,domain,status,purchase_price,renewal_price,attractiveness,demand,length,registrar,created_at,expires_at,status_verified_at
8422235a-4e92-4719-99b1-fd367bdca8e5,engraving.locker,available,5.68,31.25,high,low,9,spaceship,,,30/09/2026 09:33
3140a9d1-4471-4a5b-93c4-386a22f729f1,bated.locker,available,6.88,37.99,medium,low,5,namesilo,,,09/08/2026 00:22
b4ab0f0e-415a-4234-8ccb-90813ddba605,bicycle.locker,premium,318.46,8.8,high,low,7,namesilo,,,27/09/2026 03:10
ce52e4be-c1bc-4370-ada3-a94f46522f23,panipat.locker,available,6.88,37.99,medium,low,7,namesilo,,,22/09/2026 15:36
28873185-720f-41ea-a0a2-58d220eee02b,costa.locker,premium,220,32.32,high,medium,5,dynadot,,,28/09/2026 18:47
6bc051b4-87da-41d5-8d08-7a72fbcc5b65,collagen.locker,available,5.57,32.32,high,low,8,dynadot,,,02/10/2026 14:42
4e2421a6-06bd-4f6d-b978-d670157d37ac,rwandan.locker,available,6.98,56.98,high,medium,7,namecheap,,,09/09/2026 19:10
4c90a2e1-1005-450e-9295-c1daa7885744,inspecting.locker,available,5.68,31.25,high,low,10,spaceship,,,03/10/2026 03:30
1d4fb21a-a506-46b8-8aea-7249ea3a8db6,idyl.locker,available,6.88,37.99,high,low,4,namesilo,,,08/09/2026 10:13
3f176056-f55f-4518-b020-4b17307ef8bd,custom.locker,premium,3433.44,8.8,high,low,6,namesilo,,,01/10/2026 16:28
109f7947-8808-408d-9081-dff711089ba5,sextuple.locker,available,6.88,37.99,medium,low,8,namesilo,,,10/09/2026 05:19
b5ceac3d-d7cf-4b5d-9412-c05e96097606,panties.locker,available,5.68,31.25,high,low,7,spaceship,,,29/09/2026 23:36
8561846b-329d-4f95-a52c-bed274ba9da0,traces.locker,available,6.88,37.99,medium,low,6,namesilo,,,28/09/2026 08:47
5c5252f2-84fd-4bac-b66f-1b96f53738ee,davenport.locker,available,5.68,31.25,high,low,9,spaceship,,,01/10/2026 19:12
272048d3-27e1-4022-8f63-e9b8f0e22777,marlon.locker,available,5.68,31.25,high,low,6,spaceship,,,29/09/2026 15:44
72b6a8ff-ca49-4245-9337-b341ffeb8f77,ankles.locker,available,6.88,37.99,medium,low,6,namesilo,,,30/09/2026 00:20
10328563-0052-43fb-8c5d-63de14f6d11e,offroader.locker,available,6.88,37.99,medium,low,10,namesilo,,,18/09/2026 09:00
5ccf44e6-343d-471d-a5e5-d5aa5c79f2bf,priorities.locker,available,6.88,37.99,medium,low,10,namesilo,,,28/09/2026 17:39
332ee0d6-4589-40e6-af0e-8c0f6fd50b0a,kinsey.locker,available,6.88,37.99,high,low,6,namesilo,,,18/09/2026 06:26
01a8c0ce-6b52-409f-bd27-55a15233ce7a,redemption.locker,available,32.32,32.32,high,low,10,dynadot,,,29/09/2026 05:37
0ff3ceb7-a2b0-44b8-979a-406359d1f9a1,powerfully.locker,available,6.98,56.98,high,low,10,namecheap,,,15/09/2026 21:10
ccb3582d-2203-4afe-9c1d-232856600832,rear.locker,available,6.98,56.98,high,low,4,namecheap,,,22/09/2026 19:06
e79feff2-31a4-42dd-8625-8a8724fcf811,adkins.locker,available,5.68,31.25,medium,low,6,spaceship,,,29/09/2026 23:23
ba87dded-f2d4-4aa6-9a42-7cd12d400f12,possum.locker,available,6.88,37.99,high,low,6,namesilo,,,03/10/2026 01:43
d48e5790-5695-4a13-9e77-edf0e4397f18,marbles.locker,available,32.32,32.32,high,low,7,dynadot,,,29/09/2026 07:32
d6a6d2dd-cad6-4960-b9cc-0d9a35e315e4,charmingly.locker,available,6.88,37.99,medium,low,10,namesilo,,,14/09/2026 06:21
3c6f4c41-c408-43d1-b022-3d9d78036bc3,sephardic.locker,available,5.68,31.25,medium,low,9,spaceship,,,30/09/2026 06:25
e03fe032-0083-4d24-aaaf-b6c1abb3e459,elliott.locker,available,6.98,56.98,high,low,7,namecheap,,,25/09/2026 21:06
27ac1850-f474-442d-af9b-ec4cc57fcc89,concerns.locker,available,6.88,37.99,medium,low,8,namesilo,,,27/09/2026 11:01
c17b1560-3338-4426-a6f6-dc7562e9416e,lammas.locker,available,6.98,56.98,medium,low,6,namecheap,,,21/09/2026 03:43
b5f6659d-7572-413a-8b37-f20b1d7245a2,baal.locker,available,6.98,56.98,high,low,4,namecheap,,,21/09/2026 12:05
db11081d-bf85-4ba5-9e0d-0020d55fbcc8,patristic.locker,available,6.88,37.99,medium,low,9,namesilo,,,08/09/2026 10:38
b5513fad-dffe-406e-95dd-8b77efb3d48c,atoll.locker,available,6.88,37.99,high,low,5,namesilo,,,20/09/2026 21:52
75d38824-2f2d-4a32-bf3e-d3069be1d795,stc.locker,available,5.68,31.25,high,low,3,spaceship,,,02/10/2026 13:44
d01ebed8-d0b3-495e-8602-63f2e0c4af08,deborah.locker,available,6.88,37.99,medium,low,7,namesilo,,,28/09/2026 12:59
dc023805-d5cf-4ba7-8618-3f562339f159,sprinkle.locker,available,6.98,56.98,high,low,8,namecheap,,,15/09/2026 20:15
c4678330-ac16-4c37-ad1d-0ada888aae1a,fond.locker,available,6.98,56.98,high,low,4,namecheap,,,21/09/2026 21:45
bcc24283-3a38-4404-b17a-a92afb3849e9,abbreviation.locker,available,5.68,31.25,medium,low,12,spaceship,,,01/10/2026 12:48
072514c4-0cf3-4713-94ec-11f814ae4bee,tactual.locker,available,6.88,37.99,medium,low,7,namesilo,,,21/08/2026 00:04
db698801-95bc-482b-89b9-dab1baa6fdd0,farah.locker,available,6.88,37.99,high,low,5,namesilo,,,30/09/2026 05:37
ad4471d3-f53d-48f4-ae55-90579639cecb,lewd.locker,available,6.98,56.98,high,low,4,namecheap,,,22/08/2026 20:07
0cd426b1-3cce-4dba-b8af-eb15b731b148,foiled.locker,available,6.88,37.99,medium,low,6,namesilo,,,14/08/2026 09:27
81ada6b8-8f1b-4913-9d37-c14bee272f14,demetrius.locker,available,6.98,56.98,medium,low,9,namecheap,,,29/09/2026 00:39
36a865d6-d2c6-47fc-8139-0cf386e775e1,archers.locker,available,5.68,31.25,medium,low,7,spaceship,,,01/10/2026 15:28
b2dabc25-58fb-49df-b65e-1937519123de,roses.locker,premium,650,39,high,low,5,namecheap,,,17/09/2026 21:17
d5ddb37c-bea6-4f66-aff4-347b7f524461,mounts.locker,available,6.88,37.99,medium,low,6,namesilo,,,01/10/2026 00:51
d4ecfb39-784b-4b43-82a5-7f4154988005,southall.locker,available,6.98,56.98,medium,low,8,namecheap,,,02/10/2026 21:15
5ae9a3fb-b1e3-4373-978f-e59596c49689,attache.locker,available,6.98,56.98,high,low,7,namecheap,,,21/09/2026 01:04
0005712f-113f-429c-ad8d-1c8e116517bc,included.locker,available,6.88,37.99,high,low,8,namesilo,,,22/08/2026 01:33
2ccb13f5-0c15-45a0-8287-d4b1e9513371,shoppers.locker,premium,1300,39,high,low,8,namecheap,,,20/09/2026 20:14
e939a9bd-c33e-4249-9d5a-7108b88674a4,cuts.locker,available,6.98,56.98,high,low,4,namecheap,,,19/09/2026 00:14
29bb4702-acc3-4cb5-93c5-8361441d4b50,phillip.locker,available,6.98,56.98,high,low,7,namecheap,,,17/09/2026 13:24
e2b2f4e3-ea97-4487-8f2c-c69c7cd61910,recessions.locker,available,6.88,37.99,low,low,10,namesilo,,,21/09/2026 06:29
e25684bf-37e7-4c71-9f52-989982903f14,hallway.locker,premium,5175.2,31.25,high,low,7,spaceship,,,28/09/2026 05:56
1f517311-ee99-4a4d-83e0-a322778303a6,unhurried.locker,available,6.88,37.99,medium,low,9,namesilo,,,12/09/2026 12:39
8d8f6590-96c1-4db7-977d-a588594435b2,ismail.locker,available,5.68,31.25,medium,low,6,spaceship,,,28/09/2026 11:55
7a2fbefe-cce9-4007-9739-5370c84cb740,unwanted.locker,available,6.88,37.99,high,low,8,namesilo,,,12/09/2026 07:48
5f112eac-1d6c-4682-a808-d2fb56a01145,accountant.locker,premium,260,39,high,low,10,namecheap,,,16/09/2026 23:11
1fe28f40-5d29-4dc8-95af-0a317c3a7da5,posen.locker,available,5.68,31.25,medium,low,5,spaceship,,,02/10/2026 20:05
d2550d80-001b-430a-a900-0de1cb30637f,barbecue.locker,available,5.68,31.25,high,low,8,spaceship,,,29/09/2026 01:06
c9d9fb89-552b-43c7-8eda-32c0173b3577,forbidden.locker,available,6.88,37.99,medium,low,9,namesilo,,,18/08/2026 10:59
d3ec9d69-5ea6-459f-8728-ed62541af2bf,casey.locker,available,6.98,56.98,high,low,5,namecheap,,,25/09/2026 18:12
8da5ea01-72a7-466c-8821-c82a4cf21fb6,pasco.locker,available,6.88,37.99,high,low,5,namesilo,,,30/09/2026 13:57
bb625d2f-9808-4da9-9847-483333256fb3,dolby.locker,available,5.66,31.41,high,medium,5,porkbun,,,30/09/2026 01:20
d9b79478-d82b-457a-b028-118a30d5f676,attend.locker,available,5.68,31.25,high,low,6,spaceship,,,28/09/2026 19:00
ff1fc4b4-f1cc-4ebf-8742-fbe5c789d393,skipped.locker,available,5.68,31.25,low,low,7,spaceship,,,29/09/2026 05:58
9b3ed702-0f47-45c5-9790-bd4e3b0e949c,allomorph.locker,available,6.88,37.99,medium,low,9,namesilo,,,18/09/2026 11:59
aa0e723d-3862-4ee6-aa80-b4e905b80c6d,carambola.locker,available,6.88,37.99,medium,low,9,namesilo,,,21/09/2026 09:14
d8b92b02-bb28-44a2-8f8e-966ed764295f,whacking.locker,available,6.88,37.99,medium,low,8,namesilo,,,13/09/2026 11:09
0fcf1b18-cf07-4abd-af07-225f9e0c13e8,dialect.locker,available,6.88,37.99,high,low,7,namesilo,,,29/09/2026 18:37
2cd8d2dd-385f-476e-a1f9-db3e6db20cc7,microbial.locker,available,6.88,37.99,medium,low,9,namesilo,,,08/09/2026 09:41
da238edb-4241-45e9-9905-cc344636f486,jacobean.locker,available,6.88,37.99,high,low,8,namesilo,,,22/08/2026 11:47
77087b13-11fa-4bc2-804f-d33894839e6a,slaughter.locker,available,6.88,37.99,medium,low,9,namesilo,,,13/09/2026 08:00
454fe564-5d60-4df6-b8a1-aa2bd14e027b,mouthy.locker,available,19.99,,medium,low,6,name.com,,,
676624b4-9912-4b99-b48a-21a8d0085d89,southampton.locker,available,6.88,37.99,medium,low,11,namesilo,,,25/09/2026 14:27
e6a8bbe0-f39e-4816-a145-9d74d11b7819,alizarine.locker,available,6.88,37.99,medium,low,9,namesilo,,,18/09/2026 08:13
f845d8ef-d22b-4810-8fd0-9857f44e11f6,rambo.locker,available,6.88,37.99,high,low,5,namesilo,,,01/10/2026 23:13
01fbacd7-fc40-49a7-92af-8676f8ab30b2,axil.locker,available,6.88,37.99,high,low,4,namesilo,,,21/09/2026 10:22
9415fd26-4122-441f-8015-0ebfe7102f4b,healthily.locker,available,6.88,37.99,medium,low,9,namesilo,,,14/09/2026 23:15
80a1db74-c633-48c2-9353-1ddf83a79ae2,tenanted.locker,available,6.88,37.99,medium,low,8,namesilo,,,11/09/2026 11:09
520ee11f-0de8-4340-ab5f-e3dda1f0f927,congratulate.locker,available,6.88,37.99,high,low,12,namesilo,,,29/09/2026 03:02
0fa6dbd8-cf58-4d0a-ba13-ce02f5e79ac8,crook.locker,available,6.88,37.99,medium,low,5,namesilo,,,13/08/2026 06:27
207e10f7-e34e-48e3-84b7-1b44d903290f,published.locker,available,6.88,37.99,high,low,9,namesilo,,,27/09/2026 07:35
f01fead8-5968-43fd-8033-b3092a74d94a,tubes.locker,available,6.98,56.98,medium,low,5,namecheap,,,20/09/2026 00:50
dca3d518-bac1-4d33-a57e-0e9f6939cbd0,honcho.locker,available,6.98,56.98,high,low,6,namecheap,,,10/08/2026 20:40
e6149431-9c4b-42f3-a151-8b1bb79a6127,libertad.locker,available,6.98,56.98,high,low,8,namecheap,,,01/10/2026 23:36
e9f9a49f-ba1f-4207-a41d-d90d1c62f38f,investigator.locker,available,5.66,31.41,high,low,12,porkbun,,,28/09/2026 03:35
0fb92651-3907-4f7c-a805-1bb428738a22,unfit.locker,available,6.88,37.99,medium,low,5,namesilo,,,12/09/2026 10:23
1c6d9748-10fb-417a-9c8b-296aaeada163,ferine.locker,available,6.88,37.99,medium,low,6,namesilo,,,18/08/2026 01:16
514bd48a-872d-4b22-b7be-da0a587456cc,peta.locker,available,5.68,31.25,high,medium,4,spaceship,,,03/10/2026 04:43
65fce89a-9693-4097-aac7-2ba1d4471ff2,fadeout.locker,available,6.88,37.99,medium,low,7,namesilo,,,09/09/2026 11:18
3277dbb8-f071-4db0-852b-f48ec2c91323,overlooking.locker,available,5.66,31.41,medium,low,11,porkbun,,,30/09/2026 00:35
8fa0fe64-7319-4a7e-8c5e-78d741de1f37,drearily.locker,available,6.88,37.99,medium,low,8,namesilo,,,14/09/2026 13:12
d48d4ca3-2095-4124-96f5-06f748bf26cc,arioso.locker,available,6.88,37.99,medium,low,6,namesilo,,,20/09/2026 05:35
fc3304ed-0e94-4289-bf10-58a94fe7ea7b,aleatory.locker,available,6.88,37.99,medium,low,8,namesilo,,,
6aec4fb4-977b-42bc-b88c-17cded16cccb,hard.locker,premium,159.23,8.8,high,low,4,namesilo,,,06/08/2026 16:55
858c5c3a-0200-4ecc-91d3-75444422c8d1,dubrovnik.locker,available,5.68,31.25,medium,low,9,spaceship,,,01/10/2026 19:16
c9eb7654-d503-43c7-8a97-5faf6249996b,remains.locker,available,6.98,56.98,medium,low,7,namecheap,,,27/09/2026 03:27
3b1a5271-da93-47b8-83a9-312d1ba30917,semiotic.locker,available,6.88,37.99,medium,low,8,namesilo,,,10/09/2026 03:13
fb677cb7-afd8-4ced-a959-b5714813e0cf,airliner.locker,available,6.88,37.99,high,low,8,namesilo,,,17/09/2026 23:14
33b83227-d758-4730-8842-b94f2c1b68cf,petal.locker,available,5.57,32.32,high,low,5,dynadot,,,02/10/2026 04:53
be113dc8-1ac9-4dbd-97b5-089916807355,through.locker,available,6.98,56.98,high,low,7,namecheap,,,24/09/2026 11:40
1b2f0fcb-855f-4535-b36a-6e9d44768cf6,antipope.locker,available,6.88,37.99,medium,low,8,namesilo,,,19/09/2026 15:00
1f123a6e-b806-4b59-ad7e-77afc0e33127,distressed.locker,available,6.88,37.99,medium,low,10,namesilo,,,14/08/2026 12:16
e57bc15c-0596-4d5f-b74e-4f1f12ddd75d,vibrate.locker,available,6.98,56.98,high,low,7,namecheap,,,30/09/2026 20:16
6963b3cd-44ee-4364-b884-641fbe57432f,antsy.locker,available,6.88,37.99,medium,low,5,namesilo,,,05/08/2026 20:27
4d1b58a6-b049-4768-8191-f31630e74461,bowls.locker,available,5.68,31.25,high,low,5,spaceship,,,29/09/2026 03:46
1975630d-5b92-450c-afbe-34b25a964d8b,giovanni.locker,available,6.88,37.99,high,low,8,namesilo,,,25/09/2026 14:42
e2f62d2c-e0d2-4bd1-8003-f89b3765237b,rale.locker,available,6.88,37.99,high,medium,4,namesilo,,,09/09/2026 10:37
4995c2ce-6b43-45d9-abdc-0bdf0d6c36ee,slash.locker,available,6.88,37.99,high,low,5,namesilo,,,29/09/2026 07:02
5ef89480-1a30-4515-a911-f85aa4760c45,aegir.locker,available,6.88,37.99,medium,low,5,namesilo,,,14/08/2026 22:18
513229ac-32e1-4aa3-bc7b-bec8980cefa8,broadsheet.locker,available,6.88,37.99,high,low,10,namesilo,,,11/08/2026 05:08
4e2a32d8-7142-4aa8-ba89-b48062a12231,anthrax.locker,available,6.88,37.99,medium,low,7,namesilo,,,19/09/2026 13:52
76a50eef-38d1-4a90-8e74-6140c9295006,slushy.locker,available,6.88,37.99,medium,low,6,namesilo,,,09/08/2026 01:25
58d7f8ea-dcf0-4b4d-b6dc-0c5e9f887816,butterball.locker,available,6.88,37.99,medium,low,10,namesilo,,,17/08/2026 23:59
c3ffb440-9db4-40a7-9a23-2616c1797461,string.locker,available,6.88,37.99,high,low,6,namesilo,,,24/09/2026 07:38
94927ab7-c612-4df9-964b-f94a0531dcaf,sapphic.locker,available,6.88,37.99,medium,low,7,namesilo,,,23/08/2026 00:18
37361ab2-7e3e-4528-a93f-3a71b09b42ca,characteristic.locker,available,19.99,,high,low,14,name.com,,,
b42b414c-8d97-45f6-a276-b1b85db5313c,tax.locker,premium,5175.2,31.25,high,medium,3,spaceship,,,01/10/2026 14:25
d23c4086-4a74-493e-80b5-e6c94fe66e29,transporter.locker,available,5.68,31.25,high,low,11,spaceship,,,30/09/2026 11:44
0395214c-f5b6-447a-bc57-b8dc27b4d294,perceptive.locker,available,6.88,37.99,high,low,10,namesilo,,,08/09/2026 16:12
f02edf8a-0d21-41bb-92c9-0635a659e5c4,fairmont.locker,available,5.68,31.25,high,medium,8,spaceship,,,29/09/2026 04:01
bf913302-15ea-4688-ac74-4feed8e54ed5,taps.locker,available,5.68,31.25,high,low,4,spaceship,,,29/09/2026 20:29
0da1646f-3a6d-42f5-800c-b6ae1ee0734a,arising.locker,available,6.98,56.98,high,low,7,namecheap,,,02/10/2026 17:55
3782d227-e029-4821-8ae5-a5e1210b3e4a,cowen.locker,available,5.68,31.25,medium,low,5,spaceship,,,30/09/2026 20:26
4ab123c8-b246-4079-84d2-2a47dbe2765b,invited.locker,available,6.88,37.99,high,low,7,namesilo,,,25/09/2026 11:51
f89249eb-949e-4553-b666-920e2d55f515,concur.locker,available,5.68,31.25,high,low,6,spaceship,,,02/10/2026 17:11
93c71f00-f9a1-40e9-a264-d52eedb0e18c,ardor.locker,available,6.98,56.98,high,low,5,namecheap,,,20/09/2026 03:15
2a056975-a59f-42a6-840e-09b335d2d56b,auspices.locker,available,6.88,37.99,high,low,8,namesilo,,,17/09/2026 12:16
b9a6bf96-6d98-435a-9adc-077359db0c15,basswood.locker,available,6.98,56.98,medium,low,8,namecheap,,,22/09/2026 12:34
a4c0db90-eca1-4009-a8eb-98a7df93aace,pluton.locker,available,6.88,37.99,medium,low,6,namesilo,,,22/09/2026 13:46
0705433e-aeee-4b14-bba7-4a749b5a03ec,circumstances.locker,available,6.98,56.98,medium,low,13,namecheap,,,27/09/2026 02:27
c4e02703-514b-4ac1-ba42-ebfaff303f11,formidable.locker,available,6.88,37.99,high,low,10,namesilo,,,18/08/2026 12:12
a0efb9df-f058-4e4e-bec8-c0291d48723b,repeats.locker,available,6.98,56.98,medium,low,7,namecheap,,,29/09/2026 17:30
a37b86f6-d77d-4f55-8893-f07168de0eec,ancillary.locker,available,6.88,37.99,high,low,9,namesilo,,,
62845486-96b9-4d98-863e-eeed834ccb1c,computer.locker,premium,318.46,8.8,high,medium,8,namesilo,,,02/10/2026 11:27
21251ec9-cee7-457b-8c4d-f41bcc5e16a4,argot.locker,available,6.88,37.99,medium,low,5,namesilo,,,13/09/2026 04:14
64c9710a-3b0c-42ae-8779-30ff958f5bf8,porter.locker,available,9.99,59.99,high,low,6,godaddy,,,28/09/2026 01:41
62467530-6fac-4fc4-9ba2-566ea0209ac6,allowed.locker,available,5.68,31.25,high,low,7,spaceship,,,01/10/2026 19:03
a3bbbfa5-3228-41cf-9da4-f573d9ed5f1d,castled.locker,available,6.98,56.98,medium,low,7,namecheap,,,11/08/2026 20:28
a3a7075e-9201-46d0-afe9-d8cd43195320,ghosts.locker,available,6.88,37.99,medium,low,6,namesilo,,,18/09/2026 22:14
05aa7d1b-2129-4929-b153-e5375fb4f2f5,tilled.locker,available,6.88,37.99,medium,low,6,namesilo,,,11/09/2026 15:57
de037a07-15bf-442b-8401-1fc6a34a3817,arnold.locker,available,6.88,37.99,high,low,6,namesilo,,,20/09/2026 08:16
0def6bf2-3bac-4a26-875a-4360295213ef,syllabus.locker,available,6.88,37.99,high,low,8,namesilo,,,02/10/2026 14:47
0239a76c-c54c-4f7d-a3b6-be8812496938,buttercups.locker,available,59.99,59.99,medium,low,10,name.com,,,20/09/2026 19:49
411efdd8-24cc-4b90-9ff7-e8b3860e8930,darter.locker,available,6.88,37.99,medium,low,6,namesilo,,,19/09/2026 08:19
a8e79033-f142-4ec0-b4bf-97f457781edd,belike.locker,available,6.88,37.99,medium,low,7,namesilo,,,04/09/2026 04:45
4670a706-2887-412f-bce5-135d1075cde2,beanball.locker,available,6.98,56.98,medium,low,8,namecheap,,,22/09/2026 20:24
a0bc27fb-1915-487b-8085-b286f38142bf,alienable.locker,available,6.88,37.99,medium,low,9,namesilo,,,
127127af-d350-407d-af0d-368c1d541e81,cavernous.locker,available,6.88,37.99,medium,low,9,namesilo,,,11/08/2026 22:51
8983faa3-b0a8-47e8-9bce-fadd785c86c4,sexless.locker,available,6.88,37.99,medium,low,7,namesilo,,,10/09/2026 05:17
ed3d8d92-b49e-47ee-99be-34e6aa27fdb6,brisant.locker,available,6.88,37.99,medium,low,7,namesilo,,,11/08/2026 04:27
573907e9-4069-4de8-928c-f9f45d002ae1,splashing.locker,available,5.68,31.25,high,low,9,spaceship,,,02/10/2026 16:49
917f1df3-8ef4-445d-a433-348af6f80abd,http.locker,available,6.88,37.99,high,high,4,namesilo,,,29/09/2026 23:09
565f4262-fc78-4e0c-96f2-bd6970a51829,combustive.locker,available,6.88,37.99,low,low,10,namesilo,,,12/08/2026 18:42
e233a87a-3b24-41b2-b624-55d7a24d6e3b,aztec.locker,available,6.98,56.98,high,low,5,namecheap,,,21/09/2026 11:36
7fe68f67-2385-4921-8615-72b7c1389d1d,pleased.locker,available,6.98,56.98,high,low,7,namecheap,,,27/09/2026 04:08
a73629e7-fd5a-4a10-a3ab-15688fb85838,paraplegic.locker,available,6.88,37.99,medium,low,10,namesilo,,,08/09/2026 01:10
35c0b61a-801a-4c14-9234-69e83cbf3a9c,sweetener.locker,available,6.88,37.99,high,low,9,namesilo,,,21/09/2026 19:45
ea07626d-4a89-4559-97c0-58eb85b25a45,county.locker,premium,159.23,8.8,high,low,6,namesilo,,,24/09/2026 18:41
ab079013-401e-43ad-818f-3c5dd99c23bd,blazers.locker,available,6.88,37.99,medium,low,7,namesilo,,,20/09/2026 11:38
15663559-c99a-48a0-8a49-be316b7fb8d0,storeroom.locker,available,6.88,37.99,high,low,9,namesilo,,,03/10/2026 02:11
a5cffd46-b408-4b40-9034-6ee467a181f4,bong.locker,premium,159.23,8.8,high,low,4,namesilo,,,02/10/2026 04:07
55e9a772-3749-47ca-aef0-e5d5cf3f5883,reeking.locker,available,6.88,37.99,high,medium,7,namesilo,,,09/09/2026 12:32
bed93888-973e-4b46-b096-cc26c461f793,necrotic.locker,available,6.88,37.99,medium,low,8,namesilo,,,03/09/2026 14:45
1cf0d95f-ad4d-4273-9657-4994da709802,adolescent.locker,available,6.98,56.98,high,low,10,namecheap,,,21/09/2026 19:03
8f27cd35-f88f-4f3a-80ee-e6e9706ef8cc,chromium.locker,available,6.88,37.99,medium,low,8,namesilo,,,20/09/2026 22:39
b9d295eb-bdde-42de-b81d-ecf9ce948941,hypophysis.locker,available,6.98,56.98,high,medium,10,namecheap,,,08/09/2026 20:09
8f1bb5fc-bfe3-43f3-a322-103a4f02debc,nuevo.locker,available,6.88,37.99,high,low,5,namesilo,,,28/09/2026 04:18
4ee34130-e7f9-4f28-9e54-bb219a8ebdf1,terrifies.locker,available,6.88,37.99,low,low,9,namesilo,,,18/09/2026 07:37
0149f65d-635c-4194-a5e0-c32781905611,ballpoint.locker,available,6.88,37.99,high,low,9,namesilo,,,21/09/2026 23:21
066f9038-67e2-4af3-8b2a-756df1631817,tier.locker,available,6.88,37.99,high,low,4,namesilo,,,30/09/2026 11:11
0b6016e3-fae3-4a8c-ad50-f1d43638e2e4,smokeless.locker,available,6.88,37.99,high,low,9,namesilo,,,10/09/2026 11:57
cf10c127-1104-4be6-ae2e-b022c43d7dbb,vineyards.locker,available,6.88,37.99,medium,low,9,namesilo,,,01/10/2026 17:18
6d5a5daf-28ed-4c24-bfb5-cf55d9f88fb8,conservation.locker,available,5.68,31.25,high,low,12,spaceship,,,29/09/2026 23:26
264f1a5d-1154-4268-86ba-aa1b4185fda9,puglia.locker,available,6.88,37.99,high,low,6,namesilo,,,19/09/2026 22:41
fe4d0a5b-5a2a-484e-b4f6-a9436d12404e,vaunt.locker,available,6.88,37.99,medium,low,5,namesilo,,,11/08/2026 01:09
d56513c8-f6b2-425d-a2cf-37908e2368b8,doughy.locker,available,6.88,37.99,medium,low,6,namesilo,,,14/08/2026 17:03
eabf1bf5-427c-4f33-8472-cc7801ff2c72,asha.locker,available,6.88,37.99,high,low,4,namesilo,,,30/09/2026 04:47
35be9b1a-e976-4969-bb89-961fb8bd1640,undersexed.locker,available,6.88,37.99,medium,low,10,namesilo,,,12/09/2026 07:31
df45da80-7cb8-4025-9d60-7aaf29aed1e1,rupture.locker,available,6.88,37.99,high,low,7,namesilo,,,29/09/2026 12:14
fb8d4ec2-613b-4765-8867-8549a6488bf3,flaky.locker,available,6.88,37.99,high,low,5,namesilo,,,10/08/2026 10:06
b2ea1ae5-cf2f-4305-883e-e47201e89d2c,provocative.locker,available,32.32,32.32,high,low,11,dynadot,,,29/09/2026 08:33
b70540a6-ab52-468d-96c6-ce5dba6b96f7,stoner.locker,available,5.68,31.25,high,low,6,spaceship,,,02/10/2026 05:35
5a4b162c-d7d6-463f-8436-601af76df3a5,nourishment.locker,available,5.66,31.41,high,low,11,porkbun,,,30/09/2026 22:35
84ce6b20-81f9-4761-892e-8cce99db1ea9,top.locker,premium,3433.44,8.8,high,medium,3,namesilo,,,25/09/2026 19:45
8b41576d-99fa-4667-94da-59c953d43bd4,democrats.locker,available,6.88,37.99,medium,low,9,namesilo,,,30/09/2026 00:47
3d46091b-df59-4ce2-8386-a44bc3940a32,matisse.locker,available,5.68,31.25,high,low,7,spaceship,,,29/09/2026 22:40
02fcdf1b-d017-4b77-9d0d-7b1deffda0f3,norms.locker,available,13.25,37.99,medium,low,5,namesilo,,,
9a7775b9-663c-44c7-ac62-de630caa7240,analytics.locker,premium,550,32.32,high,low,9,dynadot,,,03/10/2026 04:08
53c95fb3-71d0-470d-801b-348c1e525346,katowice.locker,available,5.68,31.25,medium,low,8,spaceship,,,03/10/2026 01:23
8226b6c3-851f-466a-9549-62efa9728caf,rosie.locker,available,5.68,31.25,high,low,5,spaceship,,,27/09/2026 19:47
e68fe14c-e809-41e3-b338-60724a9626a6,benison.locker,available,6.88,37.99,medium,low,7,namesilo,,,23/09/2026 08:11
c52c639d-1650-48f9-aeec-2451ae908204,searchable.locker,available,6.88,37.99,high,low,10,namesilo,,,30/09/2026 04:15
11acf772-3ad2-48fa-8b70-de9f3bea557d,wilhelmina.locker,available,6.88,37.99,medium,low,10,namesilo,,,30/09/2026 04:45
d0de493c-25e6-42cf-83d9-b795f96c15e8,endermatic.locker,available,6.88,37.99,medium,low,10,namesilo,,,17/08/2026 00:58
09cd12c1-bdfe-4d94-b9ef-57d69f42ad87,courtroom.locker,available,5.68,31.25,high,low,9,spaceship,,,29/09/2026 11:50
cae7e220-f3a7-42c9-ae7c-765245388ca6,entree.locker,available,6.88,37.99,high,low,6,namesilo,,,16/09/2026 22:08
92533495-cb12-4e39-ab07-1b2df9ef94eb,gills.locker,available,6.98,56.98,medium,low,5,namecheap,,,30/09/2026 14:13
c03a08a7-cae1-4e29-be7f-0f6f2d974b58,avo.locker,available,6.98,56.98,high,low,3,namecheap,,,21/09/2026 09:36
1c354669-87e4-4885-a629-c376a6a113ef,carlsbad.locker,available,5.68,31.25,high,low,8,spaceship,,,29/09/2026 18:13
3c9c8dda-f145-4450-88b5-fea1f83b9496,susurrous.locker,available,6.88,37.99,medium,low,9,namesilo,,,03/09/2026 11:24
efcc00ea-8560-4325-8acc-8d98ba8d1aa9,racket.locker,available,5.68,31.25,medium,low,6,spaceship,,,28/09/2026 14:13
b1ee1fc5-1ee0-4e01-9667-9fd814cfb748,alhazen.locker,available,6.88,37.99,medium,low,7,namesilo,,,18/09/2026 00:42
d2906847-a349-4dae-acfa-583a36b2f695,bankhead.locker,available,6.98,56.98,medium,low,8,namecheap,,,22/09/2026 02:47
e29e1e33-357c-482a-8bec-1108bb63431a,very.locker,available,6.88,37.99,high,low,4,namesilo,,,27/09/2026 09:52
aff0e3d7-7dd0-4cfd-bca8-4beb3f7ad1d3,moms.locker,premium,1035.2,31.25,high,low,4,spaceship,,,01/10/2026 18:00
0571802f-bf7c-44f2-9e54-27b3c348c046,grime.locker,available,6.88,37.99,medium,low,5,namesilo,,,14/08/2026 09:15
1f219e53-f79b-43ca-8452-85091108942a,belts.locker,available,6.88,37.99,medium,low,5,namesilo,,,28/09/2026 09:04
fd0f9fec-4dc5-420e-82b0-1a37004a3618,adequacy.locker,available,6.98,56.98,high,low,8,namecheap,,,17/09/2026 07:43
40ea0b79-5454-41c9-a988-bbaa50a4f390,okeechobee.locker,available,5.66,31.41,medium,low,10,porkbun,,,03/10/2026 01:26
8e513292-cee6-4cb1-a8bb-c0b2da76799c,kickoff.locker,available,6.98,56.98,high,low,7,namecheap,,,01/10/2026 19:02
9d26447b-81e5-4442-8a33-9903ec3ddc26,boland.locker,available,6.98,56.98,medium,low,6,namecheap,,,29/09/2026 04:35
c9a74ab9-1e8e-4ede-9540-55440c1ddc5d,arethusa.locker,available,6.88,37.99,medium,low,8,namesilo,,,20/09/2026 04:04
164b036f-8e07-442b-8e05-b38f24be7b3b,critter.locker,available,6.98,56.98,high,low,7,namecheap,,,24/09/2026 19:33
11fd5000-ee76-4e17-b6ce-0c761a5d550b,feeble.locker,available,9.99,59.99,medium,low,6,name.com,,,13/08/2026 20:30
4c25e0f6-82d9-43c6-be3f-717f5c508dc9,xiao.locker,available,6.88,37.99,medium,low,4,namesilo,,,28/09/2026 16:02
de41fe40-4691-4295-be09-261e39a1b124,rubin.locker,available,5.68,31.25,high,low,5,spaceship,,,02/10/2026 01:41
08ffb8eb-845d-4930-b82d-88064f28c8f9,voracious.locker,available,6.88,37.99,medium,low,9,namesilo,,,15/08/2026 06:15
bbfeef81-ab48-4e66-ad02-ac14cb7128bf,retailer.locker,premium,318.46,8.8,high,low,8,namesilo,,,30/09/2026 02:33
dfa1967c-d68a-449e-a8ff-663446b18929,regally.locker,available,6.88,37.99,medium,low,7,namesilo,,,15/09/2026 22:55
9865b691-ccd5-446a-8f38-6d2ad55cb782,aimee.locker,available,5.57,32.32,medium,low,5,dynadot,,,02/10/2026 02:35
a78424c4-7c94-47db-a971-9777cdd957a7,repeat.locker,available,6.88,37.99,high,low,6,namesilo,,,24/09/2026 12:27
bcaf7eca-d7ff-4299-b078-09c675a61148,studded.locker,available,6.88,37.99,medium,low,7,namesilo,,,10/09/2026 22:57
3c63352d-9c40-4c43-8739-f480e128bdd3,impeccable.locker,available,6.88,37.99,high,low,10,namesilo,,,18/08/2026 00:09
a42a6171-091a-4327-ba28-a6b60cfce155,pub.locker,premium,318.46,8.8,high,low,3,namesilo,,,29/09/2026 20:50
18f0188a-6d04-4d84-90b4-5e100a978aa2,autarchic.locker,available,6.88,37.99,medium,low,9,namesilo,,,07/08/2026 18:36
55e8f6a5-6234-4e60-8aee-968e09af8812,aesthesis.locker,available,6.88,37.99,medium,low,9,namesilo,,,17/09/2026 13:32
cd3e5b7e-056c-438b-af36-84a4e0269ab4,grieve.locker,available,5.68,31.25,medium,low,6,spaceship,,,01/10/2026 21:44
f754c7e6-b76f-491d-a30b-182629eb26f5,beguiling.locker,available,6.88,37.99,high,low,9,namesilo,,,22/09/2026 01:38
2128af65-7a93-4253-a006-ad5f929f7688,ravenna.locker,available,6.88,37.99,medium,low,7,namesilo,,,22/09/2026 15:51
9fcafd9e-0f1a-4e69-9806-f34d74852b1a,slang.locker,available,6.88,37.99,high,low,5,namesilo,,,12/08/2026 15:12
5bb960cf-fc86-4f05-a045-6a34c2e7e960,screenshots.locker,available,6.88,37.99,medium,low,11,namesilo,,,20/09/2026 11:10
112a9767-a5f0-4d49-a485-903408c3d3ec,champion.locker,available,6.98,56.98,high,low,8,namecheap,,,21/09/2026 17:32
ea5b6dc6-165f-414f-b582-8d2662f6ac49,lymphoma.locker,available,6.88,37.99,medium,low,8,namesilo,,,02/10/2026 16:03
9aa9784a-eefa-4b66-9f75-94552048fddf,ought.locker,available,6.98,56.98,high,low,5,namecheap,,,01/10/2026 04:34
68b65fa0-51de-4208-a38c-ddd05acce5e4,minnie.locker,available,6.88,37.99,high,low,6,namesilo,,,29/09/2026 09:12
e28d96e3-4ba0-489a-b6c9-bb66221babfe,squandered.locker,available,6.88,37.99,medium,low,10,namesilo,,,10/09/2026 17:24
edcac127-4a7b-4e7c-89c8-8cb29dc3b6af,bisayan.locker,available,6.98,56.98,medium,low,7,namecheap,,,23/09/2026 21:29
30c41e05-1437-41f3-b714-06a015fb99fa,felicitous.locker,available,6.88,37.99,medium,low,10,namesilo,,,18/08/2026 00:51
9c31012c-4b46-4dd8-8ac0-34335141bff8,crusher.locker,available,6.88,37.99,high,low,7,namesilo,,,03/10/2026 00:22
1cd549c0-2671-4b91-9af5-07eea04303f9,troika.locker,available,6.88,37.99,high,low,6,namesilo,,,
97f0df83-d2ac-4d1f-b1c8-894e5922da62,infancy.locker,available,6.98,56.98,high,low,7,namecheap,,,21/09/2026 13:47
7b5389b5-5ef0-4704-bd94-d02277bc9cf3,lanthanum.locker,available,6.88,37.99,medium,low,9,namesilo,,,20/09/2026 23:20
787b53e3-0a08-4f9b-aa24-b1e7a5ca2fcb,angas.locker,available,6.98,56.98,medium,low,5,namecheap,,,19/09/2026 05:46
99db4a5a-3da4-48a8-abb6-87f3b90b78d4,foliate.locker,available,6.88,37.99,high,low,7,namesilo,,,18/08/2026 10:15
b9994214-b0a0-4a55-9544-8b5e90b552dc,pertinence.locker,available,6.88,37.99,medium,low,10,namesilo,,,19/09/2026 21:52
dc19737b-dc5f-4403-a957-b4f7b88458e5,wood.locker,premium,318.46,8.8,high,medium,4,namesilo,,,25/09/2026 05:31
f531e74a-40ba-4986-85dd-f07c0a0510d6,wrong.locker,available,6.88,37.99,high,low,5,namesilo,,,25/09/2026 07:41
b592403e-4dd9-4e94-b576-6f0a93aa01ca,inky.locker,available,6.88,37.99,medium,low,4,namesilo,,,22/08/2026 05:42
9ca8ae4c-35c6-4cd3-88cd-323db3739493,spies.locker,available,32.32,32.32,medium,low,5,dynadot,,,28/09/2026 12:49
cdcc65e5-9baa-4d00-9be5-1c9a840541e0,nonu.locker,available,6.88,37.99,medium,low,5,namesilo,,,03/09/2026 18:37
f7800231-7aa3-4c67-a65d-5b0bb0ae17dd,conceit.locker,available,6.88,37.99,medium,low,7,namesilo,,,18/09/2026 22:51
2e7071e6-8345-4e68-90eb-1fd9b48b07e5,abrachia.locker,available,6.88,37.99,medium,low,8,namesilo,,,16/09/2026 16:47
f25e41f0-938e-4488-bf6e-51bac18034b7,altered.locker,available,6.88,37.99,high,low,7,namesilo,,,
352951ba-bef3-4a79-aabb-1ba629bfdcbe,switches.locker,premium,250,37.5,medium,low,8,name.com,,,16/09/2026 23:57
d13739bf-d517-4cd4-9b0f-c808b4b6011d,participants.locker,available,6.88,37.99,medium,low,12,namesilo,,,18/09/2026 04:57
c8a03f6c-1433-49b6-bb45-95f7961df4a3,fcc.locker,available,6.88,37.99,high,low,3,namesilo,,,25/09/2026 05:53
211f9e6e-6f88-4af4-aca2-63e36885d1ea,volition.locker,available,6.88,37.99,high,low,8,namesilo,,,13/09/2026 12:00
6a0fed46-92f6-42e2-85e5-d253b70793c6,luang.locker,available,5.68,31.25,medium,low,5,spaceship,,,02/10/2026 21:01
41bf957d-4fdf-4630-ba7f-d592ca689cf8,rustless.locker,available,6.98,56.98,medium,low,8,namecheap,,,09/09/2026 20:19
228beb7e-8cd4-4dc9-80f5-71e4c2dbf7c7,bakery.locker,premium,650,39,high,low,6,namecheap,,,01/10/2026 20:15
8ba478dc-03ea-4cb9-add7-4650e0a48fe0,chubby.locker,available,6.88,37.99,high,low,6,namesilo,,,12/08/2026 07:31
ac39e043-56e0-4e90-ac83-2d38c54cb707,andros.locker,available,5.68,31.25,high,low,6,spaceship,,,30/09/2026 20:49
846db95f-5dc9-431b-a344-4c59d10ddf8b,reckoning.locker,available,6.98,56.98,high,low,9,namecheap,,,30/09/2026 16:48
8f6d2c76-ee0a-41d5-bebd-6e29262c60e2,ernesto.locker,available,6.88,37.99,medium,low,7,namesilo,,,28/09/2026 07:52
5d78cc98-abd6-46c6-9307-a0c3e729c1ec,corsica.locker,available,6.98,56.98,medium,low,7,namecheap,,,28/09/2026 13:46
61ab78ca-3a84-4c87-90b0-2861c00b0114,geared.locker,available,6.98,56.98,high,low,6,namecheap,,,18/08/2026 20:59
12292075-2353-41b7-8632-a50501c53e99,abiding.locker,available,6.88,37.99,high,low,7,namesilo,,,21/09/2026 13:52
aa4aaede-9a83-4c08-81c5-1767e82219db,pepper.locker,available,6.88,37.99,high,low,6,namesilo,,,24/09/2026 01:22
679e688b-3fdf-4ba6-a59c-a67b1fc2a91e,autoclave.locker,available,6.88,37.99,medium,low,9,namesilo,,,21/09/2026 06:03
7f739906-dab1-4ebd-89c9-4365fc82cecb,evers.locker,available,6.88,37.99,high,low,5,namesilo,,,30/09/2026 17:14
67a52a7b-fb0b-47e7-af51-2a635be9db00,expect.locker,available,5.68,31.25,high,low,6,spaceship,,,30/09/2026 15:04
11fdd589-b03e-4e1b-9d77-b4ed9e1d8f57,hexad.locker,available,6.88,37.99,medium,low,5,namesilo,,,
1b7c4ee3-5f55-4a8e-8e4d-fc84acccbcc8,fearfully.locker,available,6.98,56.98,medium,low,9,namecheap,,,14/09/2026 18:04
8c05ab8c-b24c-4657-bc28-0f6ab41d2af0,tour.locker,premium,1250,37.5,high,low,4,name.com,,,24/09/2026 22:26
d8e129c1-6b76-4cbc-aa65-a33f5261e695,met.locker,premium,517.7,31.25,high,low,3,spaceship,,,27/09/2026 17:23
70815bca-607d-401b-9f4a-66203d7983b2,sprayer.locker,available,6.88,37.99,high,low,7,namesilo,,,21/09/2026 00:21
397627c4-1ce6-4fb0-b1b6-f1baa22604b9,carpentry.locker,available,5.68,31.25,high,low,9,spaceship,,,02/10/2026 14:35
fc2115b8-5156-4a1b-8be6-ce001d1a929a,tie.locker,premium,517.7,31.25,high,low,3,spaceship,,,28/09/2026 19:19
91a93443-1378-4de0-8e23-cd4b73046ac8,philippi.locker,available,6.98,56.98,medium,low,8,namecheap,,,22/09/2026 15:38
4b7aad71-a93a-42f2-bc30-6e04877fa634,hoarse.locker,available,6.88,37.99,medium,low,6,namesilo,,,21/08/2026 10:10
3821a198-2855-4efb-b52c-a141f7eead69,soa.locker,available,5.66,31.41,high,low,3,porkbun,,,03/10/2026 04:41
a6e4162b-eb86-455f-a5fb-c15d0e292956,erosive.locker,available,6.88,37.99,medium,low,7,namesilo,,,13/08/2026 02:09
327836d9-68a2-47f9-83b8-89d79b735126,acharya.locker,available,5.57,32.32,high,low,7,dynadot,,,02/10/2026 17:55
0f1a8dab-f13b-4a12-a53f-662d566b1234,action.locker,available,5.68,31.25,high,medium,6,spaceship,,,02/10/2026 00:12
1314cd46-4d6b-4ac9-bece-edaa5d2e63c8,controversial.locker,available,5.68,31.25,medium,low,13,spaceship,,,01/10/2026 04:00
8626d9f1-f698-48ed-8607-c9454d34c9be,enables.locker,available,5.68,31.25,medium,low,7,spaceship,,,01/10/2026 00:35
d33b0192-3165-4523-be5b-616f489dda73,assertive.locker,available,6.88,37.99,medium,low,9,namesilo,,,07/08/2026 05:59
53a213bb-b3f3-4562-b6b7-31b1be449f6a,weaver.locker,available,6.98,56.98,high,low,6,namecheap,,,28/09/2026 03:16
bb313417-1faf-4636-b1f7-14585500d339,followed.locker,available,6.88,37.99,medium,low,8,namesilo,,,25/09/2026 17:12
cb24ede9-2ba3-4519-a6ca-21635f4fe49f,heuristic.locker,available,6.88,37.99,high,low,9,namesilo,,,21/08/2026 07:34
a946bc8b-c8eb-4047-b2c0-c4e86dbed916,capra.locker,available,5.66,31.41,high,low,5,porkbun,,,01/10/2026 18:54
adeb2c38-932f-46d6-a130-c28ad6de96d1,disabling.locker,available,6.88,37.99,medium,low,9,namesilo,,,13/08/2026 07:09
d376d286-f6c2-461d-9d56-6416aa660c7c,unpowered.locker,available,6.88,37.99,medium,low,9,namesilo,,,12/09/2026 17:18
e0e661c4-e7ed-49b2-9743-6fe5ab29ab42,informally.locker,available,5.68,31.25,medium,low,10,spaceship,,,28/09/2026 14:09
ec05315f-cff3-4dda-a583-9cf574f01c4a,bronx.locker,available,6.88,37.99,high,low,5,namesilo,,,24/09/2026 10:43
2059babb-2763-482b-97a7-180a9dbbdf3c,taller.locker,available,6.88,37.99,medium,low,6,namesilo,,,19/09/2026 00:16
fe80754a-5ea3-4085-be10-6fac7c3c8700,trust.locker,premium,1654.52,8.8,high,medium,5,namesilo,,,25/09/2026 04:00
20892375-943a-40f2-9e82-ea0ef7735e79,sect.locker,available,5.68,31.25,high,low,4,spaceship,,,02/10/2026 16:34
0c9194d0-cfaa-4bb6-b2f5-143502eb6246,anpu.locker,available,6.88,37.99,medium,low,4,namesilo,,,19/09/2026 11:59
600c4f75-f8ac-47f9-ad66-09352181caf3,gwynedd.locker,available,6.88,37.99,medium,low,7,namesilo,,,02/10/2026 00:00
4808442f-17df-4f68-b99d-3617eb383795,yuki.locker,available,6.88,37.99,high,low,4,namesilo,,,01/10/2026 07:57
ef1fe52f-ad5c-4107-ae00-eea4491552db,nuthin.locker,available,5.68,31.25,medium,low,6,spaceship,,,02/10/2026 04:51
68c56212-449e-459d-88b2-41fe2d744b62,mothy.locker,available,6.88,37.99,low,low,5,namesilo,,,25/08/2026 07:14
9e8e7293-22ed-4e27-9d5a-e763e9fcff2a,ine.locker,available,6.98,56.98,medium,low,3,namecheap,,,28/09/2026 08:13
77657bf7-465d-4c9c-a903-58d4f48fc438,thc.locker,premium,10350.2,31.25,high,medium,3,spaceship,,,29/09/2026 08:13
b79232d1-2dba-467d-8e43-cd1de1173849,gunner.locker,available,6.98,56.98,high,low,6,namecheap,,,20/09/2026 11:48
afe8155e-a70a-44c1-8a1c-7568e41582e9,seasoning.locker,available,6.88,37.99,high,low,9,namesilo,,,02/10/2026 15:11
3416c65b-14d8-4591-8aef-c7d7115ae8e7,obnubilate.locker,available,6.88,37.99,medium,low,10,namesilo,,,03/09/2026 23:55
2e850d75-d8aa-480d-91db-b257b31aefc0,viacom.locker,available,6.88,37.99,medium,low,6,namesilo,,,30/09/2026 13:49
c786afb4-a9a6-423e-81dd-b04ef026afff,iatrogenic.locker,available,6.88,37.99,medium,low,10,namesilo,,,21/08/2026 17:30
0adda618-6341-47b6-8696-07d461061243,brownish.locker,available,6.88,37.99,medium,low,8,namesilo,,,11/08/2026 06:19
f57bc97b-811c-4814-a8d0-0fcf770c48ab,loophole.locker,available,6.88,37.99,high,low,8,namesilo,,,02/10/2026 16:01
23dc8fff-5ac8-4b45-813a-fe55acf3bd51,aristocrat.locker,available,6.98,56.98,high,low,10,namecheap,,,20/09/2026 05:51
6c7aae08-4050-449a-af51-69168aaab2d0,frenchmen.locker,available,6.98,56.98,medium,low,9,namecheap,,,02/10/2026 13:08
895554af-c55f-484b-8ca9-dbe8644d96c4,transitions.locker,available,5.57,32.32,medium,low,11,dynadot,,,02/10/2026 18:34
49bd795c-9ded-4852-a051-06428ecfcc74,remarks.locker,available,6.88,37.99,medium,low,7,namesilo,,,18/09/2026 03:12
f7d80e3d-2da0-479c-9161-4b4822f04f81,operates.locker,available,6.88,37.99,medium,low,8,namesilo,,,29/09/2026 10:32
ea5b8918-4a8c-4b69-973f-672d2803bc2a,crouch.locker,available,6.88,37.99,medium,low,6,namesilo,,,10/09/2026 17:37
e18defc9-04f7-4888-960c-f0c867399d96,leadless.locker,available,6.88,37.99,medium,low,8,namesilo,,,22/08/2026 21:48
1a3df451-dd3c-4ed3-b451-b45de8062d3f,indi.locker,available,5.68,31.25,medium,low,4,spaceship,,,02/10/2026 02:15
5e94be87-b6f6-4ec5-a1d0-40317fe8fdb6,hodgkin.locker,available,6.88,37.99,medium,low,7,namesilo,,,18/09/2026 01:43
e509e738-66be-4663-a64e-761ea5905a38,onomastic.locker,available,6.88,37.99,medium,low,9,namesilo,,,04/09/2026 15:15
3c44f3fd-48be-4f47-b1fc-7df1bc23741c,downward.locker,available,6.88,37.99,high,low,8,namesilo,,,14/08/2026 17:18
286827b6-25eb-484c-a536-f9b1ce0b527f,suspicion.locker,available,6.88,37.99,high,low,9,namesilo,,,24/09/2026 23:14
801f4ab7-1d1e-4503-92f9-d134c457041b,deficiency.locker,available,32.32,32.32,medium,low,10,dynadot,,,29/09/2026 18:36
db727dd7-acd2-46a5-aaf0-b6f230f238f4,bivalve.locker,available,6.88,37.99,high,low,7,namesilo,,,10/08/2026 09:09
549f7b7c-d37f-4e19-9b55-2d6b4dd49ac8,immorality.locker,available,6.88,37.99,medium,low,10,namesilo,,,17/08/2026 15:04
c73004c6-027d-496b-851a-ca197d657af9,music.locker,premium,1654.52,8.8,high,medium,5,namesilo,,,02/10/2026 10:30
8d9b2f5c-ba99-4d5e-b840-c83a524bc6ad,usage.locker,available,6.88,37.99,high,low,5,namesilo,,,24/09/2026 04:06
fbf98c89-a50a-4ce9-b38b-46dce665ee85,copenhagen.locker,premium,517.7,31.25,high,low,10,spaceship,,,29/09/2026 18:27
a6ab2458-eaeb-49fb-892b-6a799dd1cfac,mansion.locker,available,5.68,31.25,high,low,7,spaceship,,,28/09/2026 06:20
3cf89808-1cca-4359-9d45-68872cd949df,puzzlement.locker,available,6.88,37.99,medium,low,10,namesilo,,,21/09/2026 17:39
4cafd5f6-b709-43e7-a97c-3f04360792d0,antics.locker,available,6.88,37.99,medium,low,6,namesilo,,,02/10/2026 12:58
6bcfed4a-d0f4-4d98-a689-f548165d0df0,bnp.locker,premium,159.23,8.8,high,low,3,namesilo,,,01/10/2026 04:46
4b28fa17-bd98-48c7-89e6-8d659acf1c50,revolution.locker,available,5.68,31.25,high,low,10,spaceship,,,29/09/2026 21:55
38320a05-d605-4d31-94ac-827ed2650c0e,contradict.locker,available,32.32,32.32,high,low,10,dynadot,,,30/09/2026 19:10
d1abb62e-5fcc-44ed-b191-0f6b509f132b,exhibited.locker,available,6.88,37.99,medium,low,9,namesilo,,,30/09/2026 15:15
0af75b90-1f8e-468a-83e3-d78635f00869,electronic.locker,premium,318.46,8.8,high,low,10,namesilo,,,19/09/2026 14:31
3d85b087-190e-45ae-a472-cdc2cf0d56dd,signature.locker,premium,159.23,8.8,high,medium,9,namesilo,,,25/09/2026 08:11
f4d152a6-3645-49ed-a971-8495bbbc08d4,perfectly.locker,available,5.66,31.41,high,low,9,porkbun,,,28/09/2026 11:37
eb3067c8-b297-4de7-99ba-27fda47f042c,worked.locker,available,5.57,32.32,high,low,6,dynadot,,,03/10/2026 04:37
def60394-6dfa-4857-883f-2ab9a32fb305,fortemente.locker,available,6.88,37.99,medium,low,10,namesilo,,,18/08/2026 12:36
4c00f0a7-b06d-4129-b519-a254ff2baa01,gilding.locker,available,6.88,37.99,high,low,7,namesilo,,,18/08/2026 23:37
f8ca1af7-2662-4348-bdc9-92f73178e14a,cheque.locker,available,6.88,37.99,high,low,6,namesilo,,,22/09/2026 02:22
8b3f6e68-9f84-451d-b056-f1b68b27acbd,energizer.locker,available,6.88,37.99,high,low,9,namesilo,,,19/09/2026 09:06
99de9d7e-7567-4b4a-aba2-d564d5f75dca,waning.locker,available,6.88,37.99,medium,low,6,namesilo,,,13/09/2026 08:04
e4cb3b1f-05a1-40a9-967d-618c5d595f68,chests.locker,available,5.66,31.41,medium,low,6,porkbun,,,02/10/2026 23:04
39b7bd69-d360-46a8-9193-4cbc943df4ab,delphian.locker,available,6.88,37.99,medium,low,8,namesilo,,,14/08/2026 00:48
1601ec17-4262-4074-996f-c47d5c096f2f,hamilton.locker,available,5.68,31.25,high,medium,8,spaceship,,,28/09/2026 20:18
58b2145e-04b0-4732-911f-1b9118c1f66e,minty.locker,available,6.88,37.99,high,low,5,namesilo,,,25/08/2026 00:53
a9778a32-3b3c-4b7a-b917-b00b59f84bbf,antiphon.locker,available,6.88,37.99,medium,low,8,namesilo,,,19/09/2026 14:56
e994688e-b0ec-4094-be13-3561d26dc2b5,braille.locker,available,6.88,37.99,high,low,7,namesilo,,,24/09/2026 08:01
7dc2fd0d-f630-467e-85f0-55722e4e5a27,poetically.locker,available,6.98,56.98,medium,low,10,namecheap,,,15/09/2026 20:51
0ea6257d-db2a-4bc3-9357-d0d4b7512630,swapping.locker,available,5.57,32.32,high,low,8,dynadot,,,02/10/2026 07:39
ecc48dbb-d17f-4599-877d-ad15c65b16b5,preparation.locker,available,6.88,37.99,high,low,11,namesilo,,,28/09/2026 12:30
553e1bdd-b3ca-440d-b378-2f411b71033d,cliff.locker,available,6.88,37.99,high,low,5,namesilo,,,24/09/2026 15:37
a07b2239-fc9b-4969-a10d-84b0e333094d,crystals.locker,premium,517.7,31.25,medium,low,8,spaceship,,,29/09/2026 04:45
20d010c2-ee3a-4e32-bec7-87f5e2a3ec49,sunless.locker,available,6.88,37.99,medium,low,7,namesilo,,,12/08/2026 12:31
7e1eccb7-76e3-40d6-ad44-c7fa0fad620b,inevitable.locker,available,6.88,37.99,high,low,10,namesilo,,,25/09/2026 09:24
bfd1656d-32c6-4a19-a052-48d60278c71d,bimonthly.locker,available,6.88,37.99,high,low,9,namesilo,,,09/08/2026 22:42
d466cf6b-f8ef-4b6a-950f-06ef07c4fc20,apoidea.locker,available,6.98,56.98,medium,low,7,namecheap,,,19/09/2026 18:38
5469a1e3-ed29-4873-8ccb-5ed68bd9f7d7,abstraction.locker,available,6.98,56.98,high,low,11,namecheap,,,02/10/2026 21:04
2792b3cf-a66d-4284-aed1-f157f891443b,vulcan.locker,available,6.98,56.98,high,low,6,namecheap,,,29/09/2026 20:36
b4a8b97f-bbc1-46de-8372-90ea80ecb99e,fresnel.locker,available,6.88,37.99,high,low,7,namesilo,,,21/09/2026 04:00
4013c98d-0ca5-4aa9-981c-34c541a02afc,parabolic.locker,available,6.88,37.99,high,medium,9,namesilo,,,05/09/2026 01:45
340d44f5-1a3c-4470-ae64-bed959591eae,convictions.locker,available,5.68,31.25,low,low,11,spaceship,,,29/09/2026 04:50
3d072bf6-42f4-4ee6-af7b-430d20a84ddd,sudbury.locker,available,6.88,37.99,medium,low,7,namesilo,,,28/09/2026 06:48
adf7d4cd-bba2-4ed7-94c4-abbeb1b018c6,rubenstein.locker,available,5.57,32.32,medium,low,10,dynadot,,,02/10/2026 20:07
86ad10b4-072d-4b61-a5d7-f69739f6aa98,nmr.locker,available,6.88,37.99,high,low,3,namesilo,,,28/09/2026 06:29
7c6577ed-e580-4b60-a263-89f98c6245ce,xciv.locker,available,6.98,56.98,medium,low,4,namecheap,,,
0687c4cb-19a0-4c36-9ee0-df259bfec1c2,swallows.locker,available,5.68,31.25,medium,low,8,spaceship,,,01/10/2026 18:08
3b745749-2311-440a-bf6c-a571283671c3,themselves.locker,available,6.88,37.99,medium,low,10,namesilo,,,25/09/2026 16:52
3981f5d2-ea0d-4ba4-ab69-2b371f1334f5,plastered.locker,available,6.88,37.99,medium,low,9,namesilo,,,09/08/2026 15:43
1162a472-e978-41df-b1d3-2f0a95d9f29b,acousma.locker,available,6.88,37.99,medium,low,7,namesilo,,,17/09/2026 02:29
832f3204-55f6-4ef3-9500-5078280e4164,trout.locker,available,6.88,37.99,high,low,5,namesilo,,,28/09/2026 06:50
daff4843-eee8-41b0-badc-0dcf2744e14a,math.locker,premium,1035.2,31.25,high,medium,4,spaceship,,,30/09/2026 04:02
1b0e0140-e7ff-4ac9-b483-419fd7580339,canadiens.locker,available,5.68,31.25,high,low,9,spaceship,,,30/09/2026 13:32
43cdd289-ecd5-4428-b696-155121024480,salacious.locker,available,6.88,37.99,medium,low,9,namesilo,,,23/08/2026 00:40
c3b63851-b625-453a-9ae7-a12a00d1ecf6,rescuing.locker,available,5.66,31.41,high,low,8,porkbun,,,30/09/2026 14:58
e9dbf5da-1841-484f-aa69-95704dcdf6fc,starts.locker,premium,290.91,8.05,medium,low,6,namesilo,,,
113d82b9-4397-4559-bcca-fee1f9100c59,bites.locker,available,6.88,37.99,medium,low,5,namesilo,,,28/09/2026 13:24
bfe10196-9cac-41bf-92e7-86ad84a5ca85,smoothly.locker,available,6.88,37.99,high,low,8,namesilo,,,16/09/2026 02:56
46565182-4900-4607-8860-137c77bc7e94,grp.locker,available,6.98,56.98,high,low,3,namecheap,,,03/10/2026 02:52
31ba30df-05c5-4cf4-b0b6-846beaf12cc7,workman.locker,available,5.68,31.25,high,low,7,spaceship,,,01/10/2026 22:04
b4673be1-dc83-4b6e-8028-a6afacf580c2,unblessed.locker,available,6.88,37.99,medium,low,9,namesilo,,,12/09/2026 02:14
8651299c-e14a-488d-97be-9c65e52f0695,quad.locker,premium,517.7,31.25,high,low,4,spaceship,,,29/09/2026 13:30
2165aff3-3631-477c-b3b3-f8a05697eb9d,monitor.locker,premium,1035.2,31.25,high,low,7,spaceship,,,28/09/2026 18:50
9e4df1c6-568f-400d-9a46-0aaa06393f54,triploid.locker,available,6.98,56.98,medium,low,8,namecheap,,,11/09/2026 20:10
de90661c-7e4d-434a-affc-34e2b69535fd,syrian.locker,available,6.88,37.99,high,low,6,namesilo,,,11/09/2026 06:43
49a01be8-9b74-4c08-bc47-bf892ecfcbd3,billabong.locker,available,6.88,37.99,high,medium,9,namesilo,,,23/09/2026 16:06
bfdb2fc1-d26b-4585-8e57-5167552830b5,testate.locker,available,6.88,37.99,medium,low,7,namesilo,,,11/09/2026 12:00
5ed7a00c-f555-4863-bf7c-1b39258378b4,thermal.locker,available,6.98,56.98,high,low,7,namecheap,,,23/09/2026 12:37
027c6750-5af5-45f4-be8c-a344bc686109,carriers.locker,available,6.88,37.99,medium,low,8,namesilo,,,29/09/2026 05:47
137e8d48-81e1-4b4b-a031-43c990471eee,simeon.locker,available,5.68,31.25,medium,low,6,spaceship,,,01/10/2026 21:41
6f4fecc1-358e-4eef-8e87-abf3d16bfb1e,separable.locker,available,6.88,37.99,medium,low,9,namesilo,,,14/08/2026 12:50
83083113-e23d-4934-8eaf-ebf2f3d71b47,fly.locker,premium,13000,39,high,medium,3,namecheap,,,24/09/2026 20:39
532cda3c-260f-4a57-bdb7-3cc86e0e2d1f,markoff.locker,available,6.88,37.99,medium,low,7,namesilo,,,19/09/2026 04:18
8292eb82-2759-402e-871d-d32dbaf3b284,joplin.locker,available,5.68,31.25,medium,low,6,spaceship,,,28/09/2026 19:32
a58ba32e-5dd3-4951-a325-b16e391ece05,ixl.locker,premium,159.23,8.8,medium,low,3,namesilo,,,
8130aebe-03f5-49dc-9118-2df78bdaa961,losses.locker,premium,1035.2,31.25,medium,low,6,spaceship,,,28/09/2026 10:16
36d02c32-2a24-4bd1-8144-ad179efc1202,riddle.locker,available,6.98,56.98,high,low,6,namecheap,,,24/09/2026 08:02
0318dad0-f100-4ed1-bf97-dd140178aca0,drop.locker,premium,159.23,8.8,high,medium,4,namesilo,,,24/09/2026 05:11
2f338556-a3bb-4649-a4f8-8c07a0b24619,croat.locker,available,6.88,37.99,medium,low,5,namesilo,,,13/08/2026 07:34
c23d19ee-8377-4dd1-acde-7ab46835af13,zoological.locker,available,6.88,37.99,high,low,10,namesilo,,,13/09/2026 15:33
c336aa4f-68fa-4679-adef-29b103757bb8,inka.locker,available,6.88,37.99,medium,low,4,namesilo,,,22/08/2026 00:48
bb04c00e-574c-4f25-8a6a-e1a512d2863a,nhk.locker,premium,207.2,31.25,medium,low,3,spaceship,,,01/10/2026 12:30
55a3d0e2-c0d6-4add-9dfb-372561b7077d,promising.locker,available,6.88,37.99,high,low,9,namesilo,,,27/09/2026 07:28
5f663ffa-83cd-4264-9142-d807edff815b,traduce.locker,available,6.88,37.99,medium,low,7,namesilo,,,24/08/2026 14:06
94229923-4a91-442a-97f0-bfee5d1dc3da,postage.locker,available,5.68,31.25,high,low,7,spaceship,,,29/09/2026 20:01
8550229b-2d95-4bab-a774-1a9122777ce2,kara.locker,available,5.68,31.25,high,low,4,spaceship,,,27/09/2026 16:38
33d9e4a5-f3f0-45e7-a92a-1ddb8251d50d,criticism.locker,available,5.68,31.25,high,low,9,spaceship,,,29/09/2026 12:07
a4021b28-83e1-4ebb-9d95-432028d5f834,freighter.locker,available,6.88,37.99,medium,low,9,namesilo,,,02/10/2026 15:20
cfe7059a-128b-4743-b816-204f596a3ad8,alpinist.locker,available,6.88,37.99,medium,low,8,namesilo,,,18/09/2026 14:06
3770896c-66b6-4224-8ff5-863d0d4e2b61,spiffy.locker,available,9.99,59.99,high,low,6,name.com,,,13/08/2026 17:36
72eba3d7-fdd1-425b-be1f-b6bb6ec4d9bd,robot.locker,premium,5175.2,31.25,high,medium,5,spaceship,,,03/10/2026 00:12
37e5519d-d827-49a8-9f3b-86ab0bdd30ac,spinous.locker,available,6.88,37.99,medium,low,7,namesilo,,,
7868c1a9-55e5-48bb-90bf-c815ababad6c,surrounding.locker,available,5.68,31.25,high,low,11,spaceship,,,01/10/2026 04:06
3fc000c0-e6ac-4db1-b96f-95cbea72f47b,grasshopper.locker,available,6.88,37.99,high,low,11,namesilo,,,30/09/2026 11:34
fc827fca-e195-4c06-ab8b-ed76af38d8b7,combined.locker,available,6.88,37.99,high,low,8,namesilo,,,12/08/2026 18:36
e412a483-adbf-4cf9-8311-305856fdf89a,film.locker,premium,1035.2,31.25,high,low,4,spaceship,,,02/10/2026 18:00
678f21d9-997d-4448-9652-f04c51b1368f,twigs.locker,available,6.88,37.99,medium,low,5,namesilo,,,02/10/2026 11:11
62ef1e0e-d498-4bce-aad8-6d5eda82a3fe,zooming.locker,available,5.68,31.25,high,low,7,spaceship,,,01/10/2026 17:57
28fbfc05-6b50-435c-9276-1c362001621e,dodge.locker,available,5.68,31.25,high,low,5,spaceship,,,28/09/2026 01:47
ab540f57-460e-4ea0-8450-8fe34e276051,theology.locker,available,5.68,31.25,high,low,8,spaceship,,,29/09/2026 14:03
7f17b969-2cab-48f9-82ef-fe676162cd10,kissed.locker,available,6.88,37.99,medium,low,6,namesilo,,,28/09/2026 04:54
bb90e014-4e74-4f71-b478-bc14c36f5867,needy.locker,available,6.88,37.99,medium,low,5,namesilo,,,24/09/2026 06:57
a1e597cf-cace-442e-ba84-2589cbbc050d,materials.locker,premium,159.23,8.8,medium,low,9,namesilo,,,28/09/2026 12:42
069f2a91-540d-45e3-84e7-9a6bc7c60c8a,collapse.locker,available,6.88,37.99,high,low,8,namesilo,,,27/09/2026 12:20
f498268e-2e78-4bb7-98d6-b0fccd47cf3a,indicators.locker,available,6.88,37.99,medium,low,10,namesilo,,,02/10/2026 13:58
39808f06-824b-4b2c-8f79-c5f34375c219,sectioned.locker,available,6.88,37.99,medium,low,9,namesilo,,,10/09/2026 01:20
bf7ee82e-a893-4503-b789-0b78c886244e,jesu.locker,available,5.68,31.25,medium,low,4,spaceship,,,02/10/2026 19:28
8c368368-5c71-41b1-a294-30b63248ea4b,obligated.locker,available,5.66,31.41,high,low,9,porkbun,,,29/09/2026 21:21
ecd96eed-17aa-4af2-b26b-fd91bd82f419,amboy.locker,available,5.68,31.25,medium,low,5,spaceship,,,29/09/2026 21:41
1486b770-8369-4c52-a943-8c21b51a2bf8,chartreuse.locker,available,6.88,37.99,medium,low,10,namesilo,,,12/08/2026 02:57
54f47e48-9f58-4534-b5fc-248f8b78bfbf,sprinkled.locker,available,6.98,56.98,medium,low,9,namecheap,,,01/10/2026 00:34
a3f361c3-f500-4ee9-b8ac-04d250d983b3,cosmogenic.locker,available,6.88,37.99,high,low,10,namesilo,,,13/08/2026 03:00
45d721f5-18b6-4224-a301-f80b884f7fb7,exclamation.locker,available,19.99,,high,low,11,name.com,,,
68f814b2-b147-4739-aaf1-22360799637e,carpenters.locker,available,6.98,56.98,medium,low,10,namecheap,,,02/10/2026 22:55
19930fda-a81c-40fc-9a55-48d5a9e4c3ed,schmidt.locker,available,6.88,37.99,high,high,7,namesilo,,,25/09/2026 07:11
431ccb86-7dd4-4060-81ce-a66bdcb73f2f,inviting.locker,available,6.88,37.99,high,low,8,namesilo,,,25/09/2026 11:14
a98083e4-4596-4303-9e88-c07a36e269ed,jia.locker,available,5.68,31.25,high,low,3,spaceship,,,29/09/2026 22:43
4708cc24-830a-4854-8f8a-d7e9f9f5e8f8,spectacular.locker,available,32.32,32.32,high,low,11,dynadot,,,27/09/2026 17:02
cd781fa5-0aed-4379-9fa9-2149e9694e8c,blanquillo.locker,available,6.88,37.99,medium,low,10,namesilo,,,24/09/2026 04:04
911a1642-6d2b-42a4-936d-98e4e37b3751,draught.locker,available,6.88,37.99,high,low,7,namesilo,,,02/10/2026 04:06
8ffd5c8d-d336-4dc1-b343-1d125c55a1e8,cityfied.locker,available,6.88,37.99,medium,low,8,namesilo,,,12/08/2026 08:49
a3aa238b-46ee-4902-84bd-772d04d08543,tartu.locker,available,5.66,31.41,medium,low,5,porkbun,,,30/09/2026 18:53
d26ce09d-bdf1-4699-8fab-8302c3ee3056,forested.locker,available,6.88,37.99,high,low,8,namesilo,,,18/08/2026 11:43
a8bc1b26-f6d1-4b62-af6a-604a64bfcd8c,applet.locker,available,6.98,56.98,high,low,6,namecheap,,,19/09/2026 21:38
d0728691-beae-4751-bf53-bfd25b9f0054,unintended.locker,available,6.88,37.99,medium,low,10,namesilo,,,12/09/2026 13:30
944f7018-4460-4e51-8b12-795f43db1e12,gallup.locker,available,6.88,37.99,high,low,6,namesilo,,,03/10/2026 00:52
a8e559fc-7028-4972-8023-163f7631c9ce,vendible.locker,available,6.88,37.99,medium,low,8,namesilo,,,24/08/2026 20:32
6e0c9f6c-3ae7-4f01-b721-c78e84bb4e44,segmental.locker,available,6.98,56.98,medium,low,9,namecheap,,,24/08/2026 21:41
5b1499b0-c0f9-456a-9ca9-ac1786c8e79f,addicted.locker,available,6.88,37.99,high,low,8,namesilo,,,21/09/2026 17:07
6586fa32-b140-476e-9398-7e5441215190,dickie.locker,available,6.88,37.99,medium,low,6,namesilo,,,14/08/2026 06:30
ab5c08bd-0870-43bc-ba38-2b47ddcbc0fd,aligning.locker,available,6.88,37.99,medium,low,8,namesilo,,,
f8cd9f90-d979-4813-a92b-93bd52f87b4d,fictive.locker,available,6.88,37.99,medium,low,7,namesilo,,,07/08/2026 07:55
461bbd39-9a72-4394-a7e7-1729420bb272,nuclei.locker,available,12.98,56.98,medium,low,6,namecheap,,,
0e1cec43-ee3f-4f33-a0db-ffef08d0aa6f,politician.locker,available,6.88,37.99,high,low,10,namesilo,,,28/09/2026 10:44
3833be4b-b91a-4193-9286-4b5799392607,topological.locker,available,5.66,31.41,medium,low,11,porkbun,,,29/09/2026 23:29
905d1c6a-d42c-4c11-9351-db63c7d91895,grower.locker,available,59.99,59.99,high,low,6,name.com,,,17/09/2026 19:21
bd22fbf5-d1cf-4a42-bea2-24d0ae959db3,daring.locker,available,6.88,37.99,high,low,6,namesilo,,,07/08/2026 21:39
1a9d2e20-317a-4b13-a2ca-3cdca172bf4f,besotted.locker,available,6.88,37.99,medium,low,8,namesilo,,,09/08/2026 15:27
dd9d5d39-1c33-4df9-ba13-b794778c8c63,apophthegm.locker,available,6.88,37.99,medium,low,10,namesilo,,,19/09/2026 17:11
64325a68-feba-45cc-baa3-3af816112583,orally.locker,available,6.98,56.98,medium,low,6,namecheap,,,15/09/2026 18:11
44c3b80f-d58d-43e6-abf8-bc6b18b13a9e,evince.locker,available,6.88,37.99,high,low,6,namesilo,,,17/08/2026 18:43
7d1c5383-3799-4c83-855d-ca936badad09,tributary.locker,available,6.98,56.98,high,low,9,namecheap,,,12/08/2026 20:32
b71db44d-13da-48ab-b5df-554a5f3a7959,escalator.locker,available,5.68,31.25,high,low,9,spaceship,,,02/10/2026 04:44
5c28aa65-ff32-445b-bcb9-c14b999f0a9d,pascal.locker,available,6.98,56.98,high,low,6,namecheap,,,24/09/2026 03:44
8273e29b-e016-4fae-ac55-e9880a245aec,helen.locker,available,6.88,37.99,high,low,5,namesilo,,,25/09/2026 07:10
7d9cb350-fb8e-4eca-b53d-e5040516e44b,gigi.locker,available,5.68,31.25,high,low,4,spaceship,,,01/10/2026 11:39
38317126-6010-43da-9afa-3adfc3d48bb6,sauer.locker,available,5.68,31.25,medium,low,5,spaceship,,,29/09/2026 22:40
3c14060f-8cdc-45b7-b93c-57121056baca,fictional.locker,available,6.98,56.98,high,low,9,namecheap,,,17/08/2026 20:18
a606ab0d-28ed-41d1-aec8-afbb11a3e440,slipping.locker,available,6.88,37.99,medium,low,8,namesilo,,,10/09/2026 11:05
e3d12f52-a79f-4290-ad4a-297de32c3eea,handicapped.locker,available,6.98,56.98,medium,low,11,namecheap,,,29/09/2026 03:14
ae115391-5b73-4fbc-8417-dccc108913e2,wwi.locker,premium,207.2,31.25,medium,low,3,spaceship,,,02/10/2026 08:27
0645736e-b5ad-4060-88e5-0fa8ace9e0c5,leaning.locker,available,6.88,37.99,high,low,7,namesilo,,,07/08/2026 13:24
ba77f3db-92d6-4eca-b26b-acab35b80530,bia.locker,available,5.68,31.25,medium,low,3,spaceship,,,28/09/2026 21:49
d408093e-113e-4da4-b9da-dc40d0d67bcd,twofold.locker,available,6.88,37.99,medium,low,7,namesilo,,,14/08/2026 16:39
851da86e-af67-44ad-849d-2c7719a96505,aerophagia.locker,available,6.88,37.99,medium,low,10,namesilo,,,17/09/2026 13:11
5de9f556-a3aa-410c-8890-bfc9fe2b3d21,origin.locker,premium,159.23,8.8,high,low,6,namesilo,,,08/09/2026 13:23
d4ef92e0-f3dc-4af5-908c-261b9c2322aa,bestseller.locker,premium,260,39,high,low,10,namecheap,,,23/09/2026 10:31
5ec8f64a-c4db-44a1-809f-a29503581d21,gull.locker,available,6.88,37.99,high,low,4,namesilo,,,12/08/2026 15:08
2dd7215c-20ad-45e5-bd0d-eb4e6b8430bc,look.locker,premium,318.46,8.8,high,low,4,namesilo,,,24/09/2026 21:51
7a8a9f07-293d-4f8c-9902-839def88ca13,paleozoic.locker,available,6.88,37.99,medium,low,9,namesilo,,,04/09/2026 23:39
54c5a2e3-2d8f-4dc0-ac21-e9cf2e139b3d,cetacean.locker,available,6.88,37.99,medium,low,8,namesilo,,,12/08/2026 01:02
5aa3ba77-5eac-4ea7-b1f9-97e1f67de9a0,batu.locker,available,5.66,31.41,medium,low,4,porkbun,,,02/10/2026 18:53
f3a3bf1b-19bd-48ae-8cd1-f8ac7281ad24,wedged.locker,available,6.88,37.99,high,low,6,namesilo,,,21/08/2026 21:38
fc9173c7-587a-489c-8ae1-4204f63add39,allegedly.locker,available,6.98,56.98,medium,low,9,namecheap,,,13/09/2026 19:04
5e6deea2-e281-4afa-819b-2028defd99d2,propane.locker,available,5.68,31.25,high,low,7,spaceship,,,01/10/2026 21:22
f018f4b8-4fb3-4516-b715-4f7c0f3372df,weaving.locker,available,6.88,37.99,high,low,7,namesilo,,,29/09/2026 14:07
7667aca7-370e-416b-867e-5e6c98338338,unpunished.locker,available,6.88,37.99,medium,low,10,namesilo,,,12/09/2026 17:37
dfc16764-e2de-4516-8c40-7749c477f878,providing.locker,available,5.68,31.25,high,low,9,spaceship,,,28/09/2026 07:19
9c99765a-bb90-40d6-8ff8-792d87bfdb1a,tractive.locker,available,6.88,37.99,medium,low,8,namesilo,,,11/09/2026 18:40
b8c31766-9b0b-445e-85ec-9907614b62d5,sestet.locker,available,6.88,37.99,medium,low,6,namesilo,,,
245a1acf-7a33-4cea-85e6-bc4f9df1a3f6,ceiling.locker,available,6.88,37.99,high,low,7,namesilo,,,24/09/2026 13:23
f961f5b5-8201-4225-8838-5b7a399d42e8,imitator.locker,available,6.98,56.98,medium,low,8,namecheap,,,19/09/2026 16:27
5d8e4c0a-76eb-4cd9-844d-2e1bf73fa24e,biometry.locker,available,6.98,56.98,high,low,8,namecheap,,,23/09/2026 18:35
2e45fdef-edcf-4f86-91bd-d7fd68e32b2a,poisons.locker,available,6.88,37.99,low,low,7,namesilo,,,02/10/2026 03:39
0bca4608-8b04-488c-9df2-0a52d7c84aed,muted.locker,available,6.88,37.99,high,low,5,namesilo,,,21/08/2026 15:56
830e5529-60a3-4ede-8311-c7b2b7b2dc6a,steinbeck.locker,available,6.88,37.99,high,low,9,namesilo,,,01/10/2026 02:45
8d3debe2-e036-423d-92dc-b3264c4b69b5,aphakia.locker,available,6.88,37.99,medium,low,7,namesilo,,,19/09/2026 16:51
9dcd89ee-8a05-4814-b3d7-2970005ddf94,hoopla.locker,available,6.88,37.99,high,low,6,namesilo,,,21/09/2026 23:33
ce303eb6-58d6-4b5e-9c35-dd7bd5753b85,moon.locker,premium,58.72,8.8,high,medium,4,namesilo,,,30/09/2026 03:35
2485b9e6-2f67-4303-837b-42a8c4354223,bogus.locker,available,6.88,37.99,medium,low,5,namesilo,,,08/08/2026 22:58
e7dc878a-e8c7-484c-afba-8872fc89aa3d,proceed.locker,available,5.68,31.25,high,low,7,spaceship,,,30/09/2026 17:54
3f6e0c37-f86c-4cf9-a1aa-7c56a2e7ef47,systems.locker,premium,318.46,8.8,medium,low,7,namesilo,,,01/10/2026 14:38
44c8f693-4346-4b3f-bbff-d0bac3b2f4e1,hawkes.locker,available,6.88,37.99,high,low,6,namesilo,,,29/09/2026 15:44
5909bb19-21ab-475a-b73e-36cd48975851,barmy.locker,available,6.88,37.99,medium,low,5,namesilo,,,06/08/2026 20:25
e9242575-a407-42bb-a15a-14dfee5cc350,powell.locker,available,6.88,37.99,high,low,6,namesilo,,,25/09/2026 04:09
0c05ebbd-672e-4665-b0df-9ee3069b70e5,pole.locker,available,6.98,56.98,high,low,4,namecheap,,,24/09/2026 13:25
da577965-5081-4781-ac27-7c802c97ea18,eyepiece.locker,available,6.88,37.99,medium,low,8,namesilo,,,04/09/2026 00:46
f259a794-75bf-46a5-b02a-4814f2cf4f9b,bandolier.locker,available,6.88,37.99,medium,low,9,namesilo,,,22/09/2026 01:27
30fe2e82-1135-497e-a5e9-f91b8a5e14ab,baize.locker,available,6.98,56.98,medium,low,5,namecheap,,,21/09/2026 19:59
a32a64ae-f3e2-499c-b0c8-e91b056fe2eb,vocalist.locker,available,6.88,37.99,high,low,8,namesilo,,,02/10/2026 16:48
a26f2e0e-0b3a-4641-8486-62ef7bc1fd1b,kashmir.locker,available,5.68,31.25,high,low,7,spaceship,,,01/10/2026 02:42
7e294709-b32a-4b3e-971a-4dfd65486076,hie.locker,premium,260,39,medium,low,3,namecheap,,,09/09/2026 19:49
ced0e401-27d8-460f-a2ce-3ce1a057685f,branchy.locker,available,6.88,37.99,medium,low,7,namesilo,,,11/08/2026 02:23
00680a4e-9106-4092-be18-1cb3defa008d,terminating.locker,available,6.88,37.99,medium,low,11,namesilo,,,08/09/2026 14:51
de294b57-95d5-4574-a4f7-f16b9ba78a54,withered.locker,available,6.98,56.98,medium,low,8,namecheap,,,14/08/2026 19:11
59d1200d-71b6-4d24-9f62-baa8fea7bc56,cislunar.locker,available,6.88,37.99,high,low,8,namesilo,,,12/08/2026 08:30
1efa4837-df78-46aa-a256-0b7e0bb90f7e,shielding.locker,available,5.68,31.25,high,low,9,spaceship,,,30/09/2026 11:01
f8859ebf-2fb5-4216-98d9-73413560a182,quarter.locker,premium,58.72,8.8,high,low,7,namesilo,,,28/09/2026 00:50
3ffbc10a-b63b-46ef-a3ee-2ee0fdaeffdf,jaime.locker,available,6.88,37.99,high,low,5,namesilo,,,28/09/2026 04:40
f60f4a6f-73ee-4d7f-9b9b-11a1176c253b,navarro.locker,available,5.68,31.25,medium,low,7,spaceship,,,28/09/2026 08:00
6fdf833d-a0dd-4434-bd9c-c7c3d6bc6f90,weapons.locker,premium,1654.52,8.8,medium,low,7,namesilo,,,25/09/2026 17:10
47ad9fa1-b270-4ea9-9551-e8a97085fbcd,warmly.locker,available,6.88,37.99,high,low,6,namesilo,,,13/09/2026 08:17
00c6ccf5-8794-426b-a7d8-7c36fa1a5a3a,obituary.locker,available,6.88,37.99,high,low,8,namesilo,,,29/09/2026 13:33
60dec5b8-95b2-44be-8e8e-00dc143a3466,brookes.locker,available,6.88,37.99,high,low,7,namesilo,,,30/09/2026 22:15
8e260902-f7e5-4662-9955-a1810ab891ff,yonkers.locker,available,5.66,31.41,medium,low,7,porkbun,,,02/10/2026 19:44
003e84be-9b33-4af1-a928-44a3a00177ac,bowhead.locker,available,6.98,56.98,medium,low,7,namecheap,,,21/09/2026 20:32
b785b658-9178-4f44-8426-cc1283a8cca9,leuven.locker,available,6.88,37.99,medium,low,6,namesilo,,,29/09/2026 15:09
6ed63409-2ec2-467d-92bf-6677759c6733,boiler.locker,available,5.68,31.25,high,low,6,spaceship,,,28/09/2026 13:34
0ca5fbb9-3192-48c6-8009-a22523f40bbf,balanus.locker,available,6.98,56.98,medium,low,7,namecheap,,,21/09/2026 21:03
6f0ba5fe-9a4b-4e77-ac13-d93fdabfcacc,telescoped.locker,available,6.88,37.99,medium,low,10,namesilo,,,11/09/2026 10:22
3675cffd-0ba0-4b17-80fe-f9931b0e03c2,prudently.locker,available,6.88,37.99,medium,low,9,namesilo,,,15/09/2026 21:50
f34772d7-d940-4b15-bee4-35a07b7cbcad,complexion.locker,available,5.68,31.25,high,low,10,spaceship,,,30/09/2026 16:45
20a5caee-1b06-4c11-83de-35998fe83ac6,clearly.locker,available,5.66,31.41,high,low,7,porkbun,,,28/09/2026 13:55
c2147683-f952-4c54-a47b-d6fa2d58939f,forgets.locker,available,6.88,37.99,medium,low,7,namesilo,,,30/09/2026 16:05
186948a5-ea31-4c0d-839e-20e09ecbf45a,tolerate.locker,available,6.88,37.99,high,low,8,namesilo,,,24/09/2026 10:45
055ab7bb-609a-41da-bb67-bb9c4629aef5,uric.locker,available,6.88,37.99,medium,low,4,namesilo,,,12/09/2026 23:37
269faf52-429d-4bfa-9a24-09a001ee5360,squared.locker,available,6.88,37.99,high,low,7,namesilo,,,10/09/2026 17:27
60057e11-d04b-4de4-b9cf-c0473843b47e,mabel.locker,available,6.88,37.99,high,low,5,namesilo,,,25/09/2026 13:35
266315d2-3f06-41ea-959c-638080f30a6b,hydrography.locker,available,5.68,31.25,high,low,11,spaceship,,,02/10/2026 22:23
f1e0826f-c788-4fff-8996-f94730d1f01b,lgbtq.locker,available,6.88,37.99,high,low,5,namesilo,,,02/10/2026 04:03
33d6d348-99d0-48bc-a8a3-0d867c5f3696,obscurely.locker,available,6.88,37.99,medium,low,9,namesilo,,,15/09/2026 17:13
8d316616-408e-47d8-87f7-31a12eda4841,towels.locker,available,6.98,56.98,high,low,6,namecheap,,,18/09/2026 12:23
a366cf66-0267-4b8c-a2fa-650a048d6066,underwater.locker,premium,650,39,medium,low,11,namecheap,,,16/09/2026 17:58
1e1b6f11-0128-4f13-94b3-c3e575944cbc,sligo.locker,available,5.66,31.41,medium,low,5,porkbun,,,30/09/2026 04:53
96a7f4cd-659c-4fad-895a-9382b60d3c59,widgeon.locker,available,6.88,37.99,medium,low,7,namesilo,,,19/09/2026 02:58
ae8d28a6-d408-46a6-84e5-a4e6c711d4d3,cattleman.locker,available,6.88,37.99,high,low,9,namesilo,,,23/09/2026 00:40
6692c175-7508-4e4a-be06-30c77745b8a3,assaulting.locker,available,6.88,37.99,low,low,10,namesilo,,,02/10/2026 23:26
12cd2864-f2b4-4036-935d-c5270b846039,macquarie.locker,available,6.88,37.99,high,low,9,namesilo,,,29/09/2026 09:16
c4dfb45a-7bbc-4fdc-98ea-c0b4ab4f933a,splay.locker,available,6.88,37.99,medium,low,5,namesilo,,,10/09/2026 16:06
7866d478-a412-4db4-be2f-0166bb176fe3,reformed.locker,available,6.88,37.99,high,low,9,namesilo,,,09/09/2026 10:53
9f83ece1-9f6f-4e57-9f7a-7b2df39e5523,minority.locker,available,32.32,32.32,high,low,8,dynadot,,,28/09/2026 14:53
9894b91e-baf3-41f7-ae38-bff8eff18504,prolate.locker,available,6.98,56.98,medium,low,7,namecheap,,,15/08/2026 18:52
4fb83c51-9579-4c1c-b057-8b5832f66b64,curr.locker,available,5.68,31.25,medium,low,4,spaceship,,,01/10/2026 22:24
a9b7b0b2-a363-4948-8f9c-11e23d07ff48,hottest.locker,available,6.88,37.99,medium,low,7,namesilo,,,28/09/2026 13:20
ad840dd6-6984-409a-831c-cb6426d9399b,realist.locker,available,6.88,37.99,high,low,7,namesilo,,,30/09/2026 02:40
1db39cf5-aa18-4ae2-b9b4-61c9c387b23d,seedy.locker,available,6.88,37.99,medium,low,5,namesilo,,,
013bcd84-9b96-4126-ac90-ec336a047b8e,attendants.locker,available,5.68,31.25,medium,low,10,spaceship,,,01/10/2026 16:38
4b7507c2-da43-4d0e-b3b9-bd4abf266ec8,slade.locker,available,6.98,56.98,high,low,5,namecheap,,,30/09/2026 04:19
e0ee7ec3-226e-4a1c-9ee8-af914e6cc268,cleland.locker,available,6.88,37.99,medium,low,7,namesilo,,,02/10/2026 09:56
a81d916b-2705-4234-97d4-af242b322ad2,shell.locker,available,,,high,medium,5,,,,
f6f539e9-3a76-4652-9e46-5c6d5c274f94,conversely.locker,available,6.88,37.99,medium,low,10,namesilo,,,14/09/2026 08:37
6a1d95cc-6992-492f-83a9-80da22bb66d4,cxl.locker,available,,,high,low,3,,,,
f6e14a60-7f23-4187-ab72-5688a932f7f1,ropy.locker,available,6.98,56.98,high,medium,4,namecheap,,,09/09/2026 18:37
3bb1b7a5-8c2a-43db-8902-1e50e790bd05,sluttish.locker,available,6.88,37.99,medium,low,8,namesilo,,,10/08/2026 15:45
d2d321d2-ccd3-4a53-81bd-043df66e76f4,arbiter.locker,available,6.98,56.98,high,low,7,namecheap,,,20/09/2026 00:41
c840390e-2807-457b-9d1d-1cb6d2e5ad97,revocable.locker,available,6.88,37.99,medium,low,9,namesilo,,,09/09/2026 16:21
61582160-985c-4891-a9df-0b068300b41d,gail.locker,available,6.88,37.99,high,low,4,namesilo,,,02/10/2026 10:01
294c0365-7a90-4b5d-9c7e-fdabfb3c2481,implies.locker,available,6.88,37.99,medium,low,7,namesilo,,,29/09/2026 15:58
7a478599-0f18-4910-8b09-334d1db716b7,quash.locker,available,6.88,37.99,medium,low,5,namesilo,,,13/09/2026 06:42
29cc46c4-5867-4bab-bd2d-b5301e431df0,bitterroot.locker,available,6.88,37.99,medium,low,10,namesilo,,,23/09/2026 23:08
7b7c3b09-74ae-4410-9247-a95d758125d7,armoury.locker,available,6.88,37.99,high,low,7,namesilo,,,20/09/2026 07:33
9f9998bf-c6ed-4a7c-8df0-9047efbbf296,swore.locker,available,5.68,31.25,medium,low,5,spaceship,,,28/09/2026 04:28
eb12eb61-77a5-49ab-b03e-ba814b4001fe,referent.locker,available,6.88,37.99,high,medium,8,namesilo,,,09/09/2026 12:35
02cddcd0-1e08-4821-a97f-14b45e765412,advertence.locker,available,6.88,37.99,medium,low,10,namesilo,,,17/09/2026 11:06
e5a66d56-f33e-4755-a830-685fe867c3a0,sending.locker,available,6.88,37.99,high,low,7,namesilo,,,25/09/2026 10:37
1ce6a6cb-8a5c-406a-bfb6-d84edba7ac4d,irons.locker,available,6.88,37.99,high,low,5,namesilo,,,29/09/2026 07:52
b9957e96-43db-4fee-92bb-c6c9066f2aaf,waving.locker,available,5.66,31.41,high,low,6,porkbun,,,28/09/2026 15:32
027a4c1b-d441-424d-8ce6-74a697c6bc25,oviparous.locker,available,6.88,37.99,medium,low,9,namesilo,,,04/09/2026 22:09
0cae27a9-2374-4371-b7f0-65bf99f100cb,buttery.locker,available,6.98,56.98,medium,low,7,namecheap,,,19/09/2026 18:30
e63f61ac-c6e6-4f43-9fd7-b68625de24a2,varsity.locker,premium,,,high,medium,7,,,,30/09/2026 01:38
5650484b-19c6-41fe-bea0-7a003aef63b1,attar.locker,available,6.98,56.98,medium,low,5,namecheap,,,20/09/2026 19:21
2c691c1b-1bd9-40ea-8196-21dd798df3e9,schuylkill.locker,available,6.88,37.99,medium,low,10,namesilo,,,28/09/2026 16:50
47ccf295-2659-4cfe-9742-b138e966911e,affined.locker,available,6.88,37.99,medium,low,7,namesilo,,,
877ae54b-6f24-4029-a3fc-93bfca1c12ba,highborn.locker,available,6.88,37.99,medium,low,8,namesilo,,,13/08/2026 01:48
4c01f480-9be6-453b-a207-978ccfe12475,dbs.locker,available,5.57,32.32,high,low,3,dynadot,,,01/10/2026 10:18
452f3ec0-7692-44df-88e0-27bce3ae4242,greet.locker,available,5.66,31.41,high,low,5,porkbun,,,30/09/2026 20:06
c55d6ccb-e6dd-4388-b949-6ab2c5b43aaf,dmitry.locker,available,6.88,37.99,high,low,6,namesilo,,,29/09/2026 15:33
67bd85d6-945f-478b-952b-62c99dafb490,billionaire.locker,available,5.68,31.25,high,low,11,spaceship,,,30/09/2026 03:33
f1af7d4e-997e-4b82-b20a-1c7d036c932a,deal.locker,premium,318.46,8.8,high,low,4,namesilo,,,19/09/2026 16:06
3da3c1b6-26fc-4ea5-9ed5-89445b4439b9,bilgy.locker,available,6.98,56.98,medium,low,5,namecheap,,,09/08/2026 21:16
e0c93d58-2ebb-410e-90e1-6a1ef0537ddf,asala.locker,available,59.99,59.99,medium,low,5,name.com,,,16/09/2026 12:33
367819f7-06cd-4055-aee1-c00f5b8343ed,heliacal.locker,available,6.88,37.99,medium,low,8,namesilo,,,21/08/2026 06:23
92f75c12-cb4e-4427-acbe-9a17d1a716db,roller.locker,available,5.68,31.25,high,low,6,spaceship,,,29/09/2026 13:05
4f3cc10c-9a5b-45fa-be4d-1a71f155bbc0,parentage.locker,available,6.88,37.99,medium,low,9,namesilo,,,08/09/2026 13:25
fda28a61-4170-4eb8-bf2f-53acf20927e8,dreaded.locker,available,6.88,37.99,medium,low,7,namesilo,,,14/08/2026 08:53
2ee528a3-301c-4dc6-aa79-b337c696920c,chill.locker,premium,318.46,8.8,high,low,5,namesilo,,,23/09/2026 23:04
5d234598-b7f9-45e1-b96f-bf63cebe6fe0,arulo.locker,available,6.88,37.99,medium,low,5,namesilo,,,20/09/2026 12:11
3495d2b5-d1bd-485a-80a8-f534e41efa44,terminate.locker,available,6.88,37.99,medium,low,9,namesilo,,,28/09/2026 14:01
7d60e524-573f-4e9e-8fb4-a92cbcd1f5e2,unpleasant.locker,available,6.88,37.99,medium,low,10,namesilo,,,12/09/2026 16:58
133438be-2be6-4618-8b97-d6d0090311aa,punt.locker,available,6.98,56.98,high,low,4,namecheap,,,18/08/2026 19:54
d5295ef7-985b-46f7-b2ec-b97d0e4d3011,temptable.locker,available,6.88,37.99,medium,low,9,namesilo,,,11/09/2026 11:04
f9ab73bb-c06c-407d-8544-4ce006d620cd,spongy.locker,available,6.88,37.99,medium,low,6,namesilo,,,10/09/2026 16:24
1b8d0696-0d07-4021-8f25-7ec7b3a810ea,bioethics.locker,available,6.98,56.98,high,low,9,namecheap,,,23/09/2026 17:56
1054fbe2-513e-4b7d-8d1e-b02ea5b9bf7e,cults.locker,available,5.68,31.25,medium,low,5,spaceship,,,03/10/2026 04:21
433004c1-0885-43c4-aa3e-b79efd2f6fec,hms.locker,premium,58.72,8.8,medium,low,3,namesilo,,,28/09/2026 12:51
d97893e5-ae33-4ef2-8ffe-0b84252cac6a,agar.locker,available,6.88,37.99,medium,low,4,namesilo,,,17/09/2026 16:14
3ebb091b-c8d8-488f-a376-469bbf37a4b3,overrun.locker,available,6.88,37.99,medium,low,7,namesilo,,,29/09/2026 13:37
472c389d-c4b1-4b08-8a57-a3bd64a63247,antiserum.locker,available,6.98,56.98,medium,low,9,namecheap,,,19/09/2026 15:05
37a24480-c45b-4c1c-880d-f5a8001ef788,gladiolus.locker,available,6.88,37.99,high,low,9,namesilo,,,19/08/2026 00:06
c76c9240-22ab-4590-98b7-7fe8d0b79ec5,calling.locker,available,6.98,56.98,high,low,7,namecheap,,,24/09/2026 11:48
f7370592-9849-49da-930c-39d35182f631,basel.locker,available,6.88,37.99,high,medium,5,namesilo,,,22/09/2026 10:13
104c6802-f19d-4a3c-a476-9cf85fbe7fb4,measurements.locker,available,32.32,32.32,medium,low,12,dynadot,,,29/09/2026 11:24
31d485a2-ea56-4ed2-8e6d-d54d7259aa6f,drove.locker,available,6.88,37.99,high,low,5,namesilo,,,25/09/2026 22:29
7b343442-d2d4-48cf-b411-ec5c5fa06bd0,resect.locker,available,6.88,37.99,medium,low,6,namesilo,,,17/08/2026 15:12
1c95d78b-491d-47a8-a031-9bf5b52e36ec,balcony.locker,available,6.98,56.98,high,low,7,namecheap,,,21/09/2026 21:28
ce6731c4-a6ba-41cc-83c7-201fc64bb34c,roving.locker,available,6.88,37.99,high,low,6,namesilo,,,25/08/2026 02:22
84ec0f1f-fb68-445b-af31-8cce603e01d9,elliptic.locker,available,6.88,37.99,high,low,8,namesilo,,,15/08/2026 17:59
ff834c4e-2f8c-4be0-85ae-9befd56de073,naive.locker,available,6.88,37.99,high,low,5,namesilo,,,03/09/2026 12:50
11d42c74-bed7-4cf0-9b91-000c08e0a000,saves.locker,available,6.88,37.99,medium,low,5,namesilo,,,28/09/2026 09:04
bb42486e-0210-4283-997f-7938bbe1f9de,luxuriant.locker,available,6.88,37.99,high,low,9,namesilo,,,15/08/2026 22:14
66aee936-5075-4b75-a1de-8fbfb1d95e95,sections.locker,available,5.66,31.41,medium,low,8,porkbun,,,29/09/2026 05:14
6a08f190-f3d8-4f6a-87ee-748719d0708b,balarama.locker,available,6.98,56.98,medium,low,8,namecheap,,,21/09/2026 21:06
35fa656a-16ba-47ab-ad9a-e27d0c452b92,tuesday.locker,available,32.32,32.32,high,low,7,dynadot,,,30/09/2026 14:02
2e60812e-cb48-4481-8198-31e31389ada9,detest.locker,available,5.66,31.41,medium,low,6,porkbun,,,29/09/2026 22:18
b7befed5-1157-4a6b-8aa2-4d1829f1d48a,rhone.locker,available,5.68,31.25,high,low,5,spaceship,,,30/09/2026 18:30
8c1963bd-e1d2-431a-b89b-2691c96ec890,sana.locker,available,5.68,31.25,high,low,4,spaceship,,,02/10/2026 06:19
23149643-5d88-4cae-8981-d24414a5d18a,hospitality.locker,premium,207.2,31.25,high,low,11,spaceship,,,28/09/2026 04:30
e1c6292f-5eac-45b3-9295-174568fe71bd,conceivable.locker,available,6.88,37.99,medium,low,11,namesilo,,,02/10/2026 02:06
f50f41cb-13fc-476f-aa0e-6b2e213430b2,lightness.locker,available,6.98,56.98,high,low,9,namecheap,,,17/09/2026 17:53
204f503b-11ff-402a-ba04-ded4c496df2b,unmediated.locker,available,6.88,37.99,medium,low,10,namesilo,,,12/09/2026 15:32
8d5a36fd-52a4-4560-b4d9-1caea03aee3c,confirmation.locker,available,32.32,32.32,high,low,12,dynadot,,,28/09/2026 04:27
ec367788-5f56-48c2-bf33-30d9ee6e3877,goby.locker,available,6.88,37.99,medium,low,5,namesilo,,,16/09/2026 16:23
efc9606a-f639-4641-924c-7d926f0bb1de,upkeep.locker,available,6.98,56.98,high,low,6,namecheap,,,02/10/2026 05:41
19721a41-0027-4963-9101-2e1ad30f19e5,drank.locker,available,6.88,37.99,high,low,5,namesilo,,,28/09/2026 08:20
eac2193d-f04c-4192-a9ee-0e89778b2339,primacy.locker,available,6.88,37.99,high,low,7,namesilo,,,01/10/2026 03:21
e2d60a5f-c973-4b08-8f55-1c11e3db0a29,tracing.locker,available,6.98,56.98,high,low,7,namecheap,,,30/09/2026 13:25
a9a0e2eb-d6dc-47b1-9fd2-2d14f7490d65,bellhop.locker,available,6.88,37.99,high,low,7,namesilo,,,23/09/2026 06:01
bf7f4bdb-f6c6-485e-8f0b-2832c925cad6,stoddard.locker,available,5.68,31.25,medium,low,8,spaceship,,,29/09/2026 09:50
0574d07d-d06b-4bb8-92bb-236c48dcf01d,peek.locker,available,5.68,31.25,high,low,4,spaceship,,,28/09/2026 19:21
63fae4f1-84e1-40e6-ac9b-ac42d059f566,bellow.locker,available,6.88,37.99,medium,low,6,namesilo,,,23/09/2026 06:17
f18a0158-918e-449d-904f-efc65aebc2e9,thus.locker,available,5.68,31.25,high,low,4,spaceship,,,28/09/2026 15:12
112bb7ad-7fb2-40a4-8434-396438f04a64,armagh.locker,available,6.98,56.98,medium,low,6,namecheap,,,29/09/2026 10:03
170ae564-f3b5-4727-b887-db28d14e76c3,cain.locker,available,6.88,37.99,high,low,4,namesilo,,,28/09/2026 09:13
af48b25f-af31-40fd-a098-31598917babf,dissolving.locker,available,6.88,37.99,high,low,10,namesilo,,,24/09/2026 23:08
ecb3e1f4-49a7-4a5f-8119-a1ed48555839,obscure.locker,available,6.88,37.99,high,low,7,namesilo,,,05/08/2026 21:59
9ab97f28-8281-48f5-a8b0-3ae7e279367d,umbilicus.locker,available,6.98,56.98,medium,low,9,namecheap,,,23/09/2026 06:37
89dc78ff-6787-4387-b7a6-37b4aa9c1969,accompanying.locker,available,32.32,32.32,medium,low,12,dynadot,,,29/09/2026 06:23
30f994be-58d4-4f53-b3a3-21b1e21c1704,phial.locker,available,6.88,37.99,high,low,5,namesilo,,,18/09/2026 23:47
cd3e7668-3374-4ec8-8757-1b4fbfc43c6f,otiose.locker,available,6.98,56.98,medium,low,6,namecheap,,,17/08/2026 20:56
f6905d51-e94f-47c8-8a53-98c44c376bff,amputation.locker,available,6.88,37.99,medium,low,10,namesilo,,,18/09/2026 23:52
e196af5a-bd4e-4877-b76c-e6b43a0673f1,alar.locker,available,6.88,37.99,medium,low,4,namesilo,,,
d293ff04-94f2-48d7-b80a-59d89d04d019,antidotal.locker,available,6.88,37.99,medium,low,9,namesilo,,,
c293ad20-b6f6-4b56-b804-2568a21a715b,godard.locker,available,5.66,31.41,medium,low,6,porkbun,,,01/10/2026 19:49
898735d4-df0d-439a-b349-2af5f64197b0,sanctions.locker,available,6.88,37.99,medium,low,9,namesilo,,,20/09/2026 01:56
e471a763-e6ed-423d-8f92-add749eb97af,phones.locker,premium,58.72,8.8,high,low,6,namesilo,,,20/09/2026 09:31
507f9ec5-1575-465b-bb0e-3c75b5b2f393,coordination.locker,available,6.88,37.99,high,low,12,namesilo,,,01/10/2026 16:03
bcfa6ffd-29f2-4832-bdc1-30d106fb471e,befog.locker,available,6.88,37.99,medium,low,5,namesilo,,,03/09/2026 23:52
97f66117-ccdf-49fe-b774-ce07b4a516f3,undergo.locker,available,6.88,37.99,high,low,7,namesilo,,,30/09/2026 03:15
67c50525-02c1-4317-90d1-8c3d48f60a28,konrad.locker,available,6.88,37.99,medium,low,6,namesilo,,,28/09/2026 12:53
4794a431-9d80-4146-968a-ec74dd1833d9,politique.locker,available,5.66,31.41,medium,low,9,porkbun,,,02/10/2026 17:49
7d315613-4104-4f53-b73d-94f1ffe69684,edgeways.locker,available,6.88,37.99,medium,low,8,namesilo,,,14/09/2026 15:04
3641e0d8-af54-4422-8592-f9a242c12538,yall.locker,available,5.68,31.25,medium,low,4,spaceship,,,02/10/2026 04:18
df97bb72-a0d0-44ac-aee9-6b289507c71a,doses.locker,available,5.68,31.25,medium,low,5,spaceship,,,29/09/2026 17:50
b8f9ec8a-9493-4e0e-bd5b-0028270aba29,jewelry.locker,premium,10350.2,31.25,high,low,7,spaceship,,,30/09/2026 00:51
61ea46a5-994c-4116-88e8-62df5d088440,vapourish.locker,available,6.88,37.99,medium,low,9,namesilo,,,13/09/2026 01:13
dfa54230-c27e-42fa-bc29-93009da6326d,spacey.locker,available,6.88,37.99,high,medium,6,namesilo,,,10/09/2026 15:06
960279e9-80c5-4a1c-b8e9-aa0695d2617e,catania.locker,premium,159.23,8.8,medium,low,7,namesilo,,,29/09/2026 23:03
c53d9b50-1155-4d82-8ed0-f7e5abbed8f0,reviewing.locker,available,5.68,31.25,high,low,9,spaceship,,,29/09/2026 08:58
53840ad7-33c8-4684-b824-00b936a0b9e5,islanders.locker,available,5.68,31.25,medium,low,9,spaceship,,,02/10/2026 22:29
f5cf01b0-1b80-4704-aa5f-33cd6e3fce31,stayed.locker,available,6.88,37.99,medium,low,6,namesilo,,,27/09/2026 02:56
759d886e-7902-47b7-83ca-63936f0848d0,bivalvia.locker,available,6.88,37.99,medium,low,8,namesilo,,,23/09/2026 23:16
b95d7199-6da3-4452-bb08-b8823f2cc480,stretch.locker,available,6.98,56.98,high,low,7,namecheap,,,21/09/2026 20:13
1c95c137-6f89-4690-8c22-4a963944d373,tioga.locker,available,5.66,31.41,high,low,5,porkbun,,,30/09/2026 13:45
29289b84-93dc-4917-a5cf-7a72004e4c02,omnivorous.locker,available,6.88,37.99,medium,low,10,namesilo,,,04/09/2026 13:56
1a37178d-90d6-4aaf-aa9d-cdfe711420ca,boris.locker,available,6.98,56.98,high,low,5,namecheap,,,25/09/2026 20:39
c90c6f6b-d6d6-4d68-bd14-3027eee34ad9,trustees.locker,available,5.68,31.25,high,low,8,spaceship,,,29/09/2026 23:08
59ac8c39-98a9-4e61-8595-d2815709fcc5,introduce.locker,available,5.68,31.25,high,low,9,spaceship,,,30/09/2026 00:04
399deefa-895d-4572-8df6-5bd6c66f396d,apical.locker,available,6.88,37.99,medium,low,6,namesilo,,,05/08/2026 23:58
e4a6bbc7-aab7-415b-88ce-1fdb26839f89,articles.locker,premium,58.72,8.8,high,low,8,namesilo,,,28/09/2026 04:25
67b9373d-7163-4719-823b-5f6bf835750d,chicana.locker,available,5.68,31.25,high,low,7,spaceship,,,03/10/2026 03:37
e7c5c4ae-4e71-4ec1-aa01-ccf9500b9502,mortuary.locker,available,6.88,37.99,medium,low,8,namesilo,,,25/08/2026 06:40
846bf20a-a536-42b0-8577-0b8bffdf4fde,sedation.locker,available,6.88,37.99,medium,low,8,namesilo,,,01/10/2026 01:49
a3676cd3-a224-407d-a0d0-f01f1583eba5,reclaimed.locker,available,6.88,37.99,high,low,9,namesilo,,,09/09/2026 11:36
92ba66dd-e1ab-40c4-a94e-f551816b35c3,burst.locker,available,6.88,37.99,high,low,5,namesilo,,,24/09/2026 10:35
b59496e6-9dd9-49ce-9308-03df06d7f2a0,plantal.locker,available,6.88,37.99,medium,low,7,namesilo,,,08/09/2026 20:48
dfd7e560-5f51-4204-ba16-323ed5417d1f,latter.locker,available,6.88,37.99,high,low,6,namesilo,,,25/09/2026 13:08
941838cb-914e-46e3-bb13-a48bbae13269,gabriella.locker,available,5.68,31.25,medium,low,9,spaceship,,,02/10/2026 19:50
8cfc18cd-76c2-4e60-a61f-cb811a084e5d,glue.locker,available,6.98,56.98,high,low,4,namecheap,,,29/09/2026 20:54
72a3c095-6d31-4483-90bd-7039b9553b03,dani.locker,available,32.32,32.32,high,low,4,dynadot,,,29/09/2026 15:20
d721df86-16fb-4669-86d4-265abe3a6a36,jordanian.locker,available,6.88,37.99,high,low,9,namesilo,,,22/08/2026 14:01
0d5dd19c-bcac-4d38-8bf9-fb0605789377,critical.locker,available,6.88,37.99,high,low,8,namesilo,,,24/09/2026 02:02
b29ed288-f54b-42fd-aeb8-811f360b88ff,constrained.locker,available,6.98,56.98,medium,low,11,namecheap,,,01/10/2026 22:42
740c453e-d314-45fc-9df2-1703ee6cf1ff,argos.locker,available,6.88,37.99,high,medium,5,namesilo,,,20/09/2026 04:43
2401dd89-a333-479f-92f5-a411d466fb25,neighbour.locker,available,5.68,31.25,high,low,9,spaceship,,,30/09/2026 05:34
05af01a3-ecf3-4ee5-8b09-27a8d066a354,termite.locker,available,6.88,37.99,medium,low,7,namesilo,,,03/10/2026 02:13
ed89e8e0-f3b4-4458-bcb2-dabb13548e41,inhouse.locker,available,13.25,37.99,high,low,8,namesilo,,,
dd626161-f983-49f1-83ed-35ca31b86d4e,contracting.locker,available,5.68,31.25,high,low,11,spaceship,,,02/10/2026 01:29
a1d045fa-381a-447f-af60-519c2bd66afe,hairdryers.locker,available,6.98,56.98,medium,low,10,namecheap,,,20/09/2026 13:02
e9238e05-736e-4e0b-ac1f-88ce6d931f60,january.locker,available,5.68,31.25,high,low,7,spaceship,,,30/09/2026 00:38
2296ca04-2538-4979-b6b3-6599c1b7ee09,neptunium.locker,available,6.88,37.99,medium,low,9,namesilo,,,21/09/2026 00:09
132a3f13-d2d1-4834-a9c1-0b6a1fd77eec,ngo.locker,premium,159.23,8.8,high,low,3,namesilo,,,27/09/2026 04:51
17f9a1cf-eea3-4a54-abd2-ecca8e6c789a,trojan.locker,available,6.98,56.98,high,low,6,namecheap,,,11/09/2026 20:17
48d35917-e386-43bb-ab83-7227017c4f9c,den.locker,premium,159.23,8.8,high,low,3,namesilo,,,24/09/2026 21:50
d5638c63-1a74-449e-b80d-000cca1c24a7,shaykh.locker,available,5.68,31.25,medium,low,6,spaceship,,,30/09/2026 21:57
416be0f5-4420-4b75-a3f9-44d67bedcbf7,ira.locker,premium,159.23,8.8,medium,low,3,namesilo,,,28/09/2026 14:31
ddfba9b9-ca6f-45a9-8a18-f35b4145bb41,hideous.locker,available,6.88,37.99,medium,low,7,namesilo,,,21/08/2026 08:13
5d31201a-b436-433f-9ab6-8195d09f888f,puritanic.locker,available,6.88,37.99,high,medium,9,namesilo,,,09/09/2026 06:20
d65372b0-9c97-4851-9cf5-a2e95da070ee,optimist.locker,available,6.98,56.98,high,low,8,namecheap,,,02/10/2026 16:15
3bf9c643-768b-4722-a2d2-921a58fed8a6,lutzen.locker,available,6.88,37.99,medium,low,6,namesilo,,,22/09/2026 15:24
162bb7d3-5a64-40ca-95d4-c8d9e79d517b,chromosome.locker,available,6.88,37.99,medium,low,10,namesilo,,,30/09/2026 09:09
44aca487-7113-42f2-93d8-d951f804b4f0,soupy.locker,available,6.88,37.99,medium,low,5,namesilo,,,09/08/2026 01:20
b75049b6-0332-478a-bdc8-83f599aa0cc0,nullify.locker,available,6.88,37.99,high,low,7,namesilo,,,13/09/2026 06:46
2df56e98-d125-4d92-b585-bbd2c591bbf6,petulant.locker,available,6.88,37.99,medium,low,8,namesilo,,,22/08/2026 10:27
ed2bfcd7-ffd3-4098-9055-d91e64933921,duplex.locker,available,6.98,56.98,high,low,6,namecheap,,,14/08/2026 21:23
b39dad48-da0e-4a1b-b3a7-21c75860c1eb,ambassador.locker,premium,58.72,8.8,high,low,10,namesilo,,,18/09/2026 16:26
00c09d64-48e0-4143-a114-668841a7b4b1,scraping.locker,available,6.88,37.99,high,low,8,namesilo,,,30/09/2026 02:48
e5881b24-e50a-48d1-a2e4-7a3ccbf33660,realism.locker,available,6.88,37.99,high,low,7,namesilo,,,29/09/2026 13:31
19c19ca0-ace3-4dac-8686-fd23aa83a40c,cuyahoga.locker,available,6.88,37.99,medium,low,8,namesilo,,,29/09/2026 10:08
f97a6907-a3ff-4437-ab9f-6b18a811f082,zaragoza.locker,available,5.68,31.25,medium,low,8,spaceship,,,29/09/2026 08:01
351392c9-f435-42bc-9a80-0c2e4c89660c,recommends.locker,available,5.68,31.25,medium,low,10,spaceship,,,02/10/2026 03:44
26f07018-ebf8-4929-bfc6-b9399e7867c6,anecdotist.locker,available,6.88,37.99,medium,low,10,namesilo,,,19/09/2026 05:08
a3d0164e-ad5a-4701-8627-825ed9ebe3dd,poignant.locker,available,6.88,37.99,high,low,8,namesilo,,,
3b9ca3ca-888a-4ad7-8d52-51512b2c3c54,academism.locker,available,6.98,56.98,medium,low,9,namecheap,,,16/09/2026 20:23
1d871ac9-5361-4558-90c1-b3fdfebc0ac0,anticipation.locker,available,5.68,31.25,high,low,12,spaceship,,,28/09/2026 22:53
da905df5-3ce2-4f6d-aae0-03492d16a6b2,crockett.locker,available,9.99,59.99,medium,low,8,godaddy,,,28/09/2026 01:43
52561c83-90f9-4698-888f-838c0b368c37,mosley.locker,available,6.88,37.99,medium,low,6,namesilo,,,29/09/2026 09:56
39dfe5fb-e1a6-4c76-8c06-ed7bfe92317c,activator.locker,available,6.98,56.98,high,low,9,namecheap,,,17/09/2026 05:10
279b6ae1-d568-4bd4-8581-8a32bfb4388b,freehand.locker,available,6.88,37.99,high,low,8,namesilo,,,18/08/2026 14:55
31a43e3b-aad2-4267-86e7-b7ef89967759,wiry.locker,available,6.88,37.99,medium,low,4,namesilo,,,10/09/2026 22:42
288a90d5-5125-403b-8d94-5992c9b2b406,apothecary.locker,available,6.88,37.99,high,low,10,namesilo,,,19/09/2026 19:42
b93e001a-62be-4feb-aab3-6e40785d15b9,instructor.locker,available,6.88,37.99,high,low,10,namesilo,,,28/09/2026 02:10
524313a2-9d12-4764-bec2-26056a18e613,christiansen.locker,available,6.88,37.99,medium,low,12,namesilo,,,30/09/2026 13:39
8c034b5a-6b1f-423e-8f22-8cb3006e7417,brockhouse.locker,available,6.88,37.99,medium,low,10,namesilo,,,23/09/2026 10:18
fa74a285-e6d2-44ac-a669-99f1f5313511,incorporated.locker,available,32.32,32.32,high,low,12,dynadot,,,28/09/2026 22:28
030ec3b5-d89d-4540-90d7-17dad89481ec,raping.locker,available,6.88,37.99,medium,low,6,namesilo,,,02/10/2026 04:05
aa48d9ab-71fd-4040-93e7-c226b57a0076,oregon.locker,premium,1035.2,31.25,high,low,6,spaceship,,,29/09/2026 01:45
e5a77111-b536-419d-8399-25cf6d765d0b,madagascan.locker,available,6.88,37.99,medium,low,10,namesilo,,,24/08/2026 12:55
6bbc30cf-db89-40f9-8948-d45f5bbfe6a1,frostbite.locker,available,6.98,56.98,high,low,9,namecheap,,,24/09/2026 19:56
29ac24f6-58cd-4340-911b-95d0f962c3a8,helped.locker,available,6.98,56.98,medium,low,6,namecheap,,,25/09/2026 18:33
2b8d1137-89ef-4055-a46d-1a35c2d04be0,teenagers.locker,available,5.68,31.25,medium,low,9,spaceship,,,28/09/2026 13:27
4f500b19-deb0-49c8-bde7-4ad539aa7b56,confronting.locker,available,6.98,56.98,medium,low,11,namecheap,,,02/10/2026 07:15
c9a9a4ce-e477-44bb-8b9d-9a324825865c,adopt.locker,premium,318.46,8.8,high,low,5,namesilo,,,28/09/2026 03:18
82a3904f-0c4e-466d-9301-991ae53a73ee,anya.locker,available,6.88,37.99,high,low,4,namesilo,,,01/10/2026 23:47
f05c8dd3-0148-4f19-8c13-b2c55ed51f0c,twoscore.locker,available,6.88,37.99,medium,low,8,namesilo,,,
ffda2f16-a0cd-43e1-b1d1-4828547cdf95,cucumber.locker,available,5.68,31.25,high,low,8,spaceship,,,29/09/2026 12:58
6e128207-715d-4894-97ea-45992210815c,dreamed.locker,available,6.88,37.99,medium,low,7,namesilo,,,27/09/2026 21:44
df3d1d82-f186-4f4e-8a32-322884bdeb70,civilly.locker,available,6.88,37.99,medium,low,7,namesilo,,,14/09/2026 06:57
bdcf6c41-4157-4cf9-b93f-f3d8bbae8daa,hamer.locker,available,5.57,32.32,high,low,5,dynadot,,,01/10/2026 07:09
49e39090-c403-4202-bb3f-6b31c118ba75,aquamarine.locker,available,6.88,37.99,high,low,10,namesilo,,,19/09/2026 22:49
5f90edae-c905-47ab-8a46-c5b4745be2b4,gnome.locker,available,5.68,31.25,high,low,5,spaceship,,,03/10/2026 00:59
5daa9482-96ef-4619-9b13-dd0aeb9e0ccb,nutrify.locker,available,6.88,37.99,medium,low,7,namesilo,,,18/09/2026 07:57
d9518dcd-de06-4213-8af2-efe138f62b3d,engage.locker,premium,318.46,8.8,high,low,6,namesilo,,,29/09/2026 22:50
098cff91-e07a-48cf-b73d-6963916fb942,athlete.locker,premium,5458.82,33.27,high,low,7,porkbun,,,28/09/2026 22:57
f17920d9-f15d-4e2c-a0e3-4d5123e423f1,forego.locker,available,6.88,37.99,high,low,6,namesilo,,,18/08/2026 11:52
28a2a77b-c5b6-4cde-9234-91d7a0b1fcc5,mwe.locker,available,5.68,31.25,high,low,3,spaceship,,,02/10/2026 18:52
8edcb60a-2d9a-4d51-a853-61f8afad3c0f,assort.locker,available,6.88,37.99,high,low,6,namesilo,,,17/09/2026 14:23
55edd510-49fd-4621-bb70-f558d6d63696,biomechanics.locker,available,6.98,56.98,high,low,12,namecheap,,,02/10/2026 11:42
cd8596a6-abf3-4efd-88c3-81b37df3e5b9,karma.locker,premium,550,32.32,high,medium,5,dynadot,,,29/09/2026 07:24
e7d14ef7-3e68-48f9-9bd3-e75a56ab7cde,reasonably.locker,available,6.88,37.99,medium,low,10,namesilo,,,25/09/2026 11:58
734a9afe-e186-4408-8d8a-53dd4b403aa6,nevins.locker,available,5.68,31.25,medium,low,6,spaceship,,,02/10/2026 20:59
ca4380a6-ef14-42ef-81e9-1ee5849c51ed,pds.locker,premium,58.72,8.8,high,low,3,namesilo,,,01/10/2026 01:00
1d8b4cc1-29df-43c5-ab30-d228c389f659,antemortem.locker,available,6.88,37.99,medium,low,10,namesilo,,,
81b43cd6-4075-431a-b072-ba6d60e7fde4,redstone.locker,available,5.57,32.32,high,low,8,dynadot,,,01/10/2026 13:54
61cf35fd-0bcd-4b55-92c2-cedc3f529fcf,severely.locker,available,6.88,37.99,medium,low,8,namesilo,,,28/09/2026 13:15
af5e5f73-c238-435d-a401-d0894d94a4c0,ironing.locker,available,6.88,37.99,high,low,7,namesilo,,,02/10/2026 15:49
41b23418-1fbd-4329-986c-93cb916eb557,preachy.locker,available,6.88,37.99,high,medium,7,namesilo,,,09/09/2026 01:07
e2c4c0e0-e093-41a5-8c0d-d0a05b70a17e,deceiver.locker,available,6.88,37.99,medium,low,8,namesilo,,,23/09/2026 02:29
e1c7d8c8-ac35-4522-9913-6db053a87983,unique.locker,premium,1654.52,8.8,high,medium,6,namesilo,,,28/09/2026 09:43
18b1ddaa-0f26-46aa-84ba-c867d6a9730d,orchestra.locker,premium,550,32.32,high,low,9,dynadot,,,30/09/2026 06:11
ace399ef-18a3-4ef5-acf1-01c4032b84d8,wittgenstein.locker,available,5.68,31.25,medium,low,12,spaceship,,,29/09/2026 09:48
59066821-f5be-4441-843e-fc0d6ee67e1c,moynihan.locker,available,5.68,31.25,medium,low,8,spaceship,,,29/09/2026 18:33
019b07e9-4f3a-46a7-9a92-3417bae3aea1,forthwith.locker,available,6.88,37.99,medium,low,9,namesilo,,,10/09/2026 21:39
fb34b066-726a-40c7-abea-45def38c1545,insidious.locker,available,6.88,37.99,medium,low,9,namesilo,,,22/08/2026 07:05
b267c06c-11cf-40ce-a983-619c15d05d21,barbie.locker,available,5.68,31.25,high,medium,6,spaceship,,,30/09/2026 11:39
28795f7e-f4cb-43a0-93d4-15cb3f380465,nicolaus.locker,available,5.68,31.25,medium,low,8,spaceship,,,02/10/2026 10:17
855cf5f4-7f7f-437a-8cd7-abf98586e5e6,bacterium.locker,available,6.88,37.99,medium,low,9,namesilo,,,21/09/2026 16:30
93486010-2eae-4cd1-9f5e-a3679053a835,fixation.locker,available,6.98,56.98,high,low,8,namecheap,,,20/09/2026 09:06
d044b130-dd98-4801-92a9-215919a6f61c,sixfold.locker,available,6.88,37.99,medium,low,7,namesilo,,,10/09/2026 05:21
edb3f440-8738-40f9-832a-8ecdbf5b6e80,progressed.locker,available,32.32,32.32,medium,low,10,dynadot,,,30/09/2026 14:54
9b85853f-3c39-4021-befe-07f6a6670aa1,cocky.locker,available,6.88,37.99,high,low,5,namesilo,,,12/08/2026 15:02
3d02cd6c-10c0-4199-9b69-bd79d049d0af,turkmen.locker,available,6.98,56.98,medium,low,7,namecheap,,,11/09/2026 21:19
41d4dc73-aa6c-4a6f-b52a-3f048344ddab,slots.locker,premium,1654.52,8.8,high,low,5,namesilo,,,20/09/2026 10:58
c604988f-d5ac-410c-a347-f64a76ec39e0,sodium.locker,available,6.88,37.99,high,low,6,namesilo,,,20/09/2026 22:13
530ac805-7982-44c4-83e2-7c0872862e2e,tio.locker,available,5.68,31.25,high,low,3,spaceship,,,03/10/2026 02:40
3340b48c-7ba2-4207-be9d-ed820f7f17a5,profitless.locker,available,6.88,37.99,medium,low,10,namesilo,,,09/09/2026 02:50
1e1603dd-0d19-41f6-9810-16d4d11a27cf,unfettered.locker,available,6.88,37.99,high,low,10,namesilo,,,12/09/2026 04:56
a5de1bb7-23c8-4126-b470-a07b82f4bd9b,northerner.locker,available,6.88,37.99,medium,low,10,namesilo,,,13/09/2026 14:16
7e010af8-7bdb-4e38-a6b5-c304c8b1c7d3,nuns.locker,available,6.88,37.99,medium,low,4,namesilo,,,28/09/2026 12:28
b02d58e0-a917-461a-a602-726c6357f7aa,metabolous.locker,available,6.98,56.98,medium,low,10,namecheap,,,24/08/2026 21:28
4e1fccd1-6a98-4b70-bced-2440f7574194,gravesend.locker,available,6.88,37.99,medium,low,9,namesilo,,,30/09/2026 21:51
88bef5a0-977f-4cc4-92a1-c14c25e12e19,cavan.locker,available,6.98,56.98,medium,low,5,namecheap,,,30/09/2026 12:17
cad9ccad-ce04-4723-a3d5-39f51cd614cd,thug.locker,available,6.88,37.99,medium,low,4,namesilo,,,27/09/2026 08:15
c5fcb018-7b0c-4d50-aa55-5ddeab0d9d00,similarity.locker,available,32.32,32.32,high,low,10,dynadot,,,29/09/2026 19:30
f4f546e2-565d-4d13-825a-2a747786f3ed,incarnate.locker,available,6.88,37.99,high,low,9,namesilo,,,16/08/2026 09:36
3ae6eafc-c0cd-4e2a-a0a9-c1f5fd533200,capsulize.locker,available,6.98,56.98,medium,low,9,namecheap,,,11/08/2026 18:15
b8d69264-c6d8-4df2-a1f4-cace72259f57,cantonese.locker,available,5.68,31.25,high,low,9,spaceship,,,01/10/2026 18:53
27f7a0b8-4d77-40d9-bb42-07eca9c7461c,overstatement.locker,available,19.99,,medium,low,13,name.com,,,
7fa608f6-8d37-421c-ab59-947cf540fa85,inflated.locker,available,6.88,37.99,medium,low,8,namesilo,,,21/08/2026 08:47
7d8c0ee2-a9c3-4818-9ed4-4940a53b0225,phylliform.locker,available,6.98,56.98,high,medium,10,namecheap,,,08/09/2026 19:24
3638169d-f203-4952-ad94-e994283b0920,cut.locker,premium,159.23,8.8,high,low,3,namesilo,,,24/09/2026 04:08
e2bcb644-4d07-42d4-8d75-0d288834284c,heterosexual.locker,available,6.88,37.99,high,low,12,namesilo,,,29/09/2026 08:29
b60fc8ac-7d86-4f11-a099-cd2ff09ba13a,yeager.locker,available,5.68,31.25,medium,low,6,spaceship,,,02/10/2026 00:48
be79910a-0d93-4982-b4f9-30f45024cb71,broadcasts.locker,premium,550,32.32,medium,low,10,dynadot,,,01/10/2026 17:52
ac0881d4-2f26-428c-a373-690821b9079d,kerala.locker,available,5.68,31.25,medium,low,6,spaceship,,,28/09/2026 16:15
97e1cc0b-1d5d-4b03-ad82-12cb885f108b,fsb.locker,premium,207.2,31.25,high,low,3,spaceship,,,30/09/2026 17:18
0b0297a9-c983-4e8a-8de6-57bfb55181d9,kingdoms.locker,available,6.88,37.99,medium,low,8,namesilo,,,30/09/2026 15:20
0a454f16-f467-4fef-abcd-a602fe2c521a,ellen.locker,available,6.88,37.99,high,low,5,namesilo,,,02/10/2026 09:09
0310423f-a3ce-446b-bb78-c2a7ebaff4a4,caracas.locker,available,6.88,37.99,high,low,7,namesilo,,,29/09/2026 07:11
6edd4a17-9116-4f0a-a3ef-676937e11bee,tate.locker,available,6.88,37.99,high,low,4,namesilo,,,18/09/2026 10:50
4a20db44-2f46-4ef8-a347-5c57fc7d273a,adirondack.locker,available,5.68,31.25,medium,low,10,spaceship,,,28/09/2026 21:35
1ed37778-97c5-45f5-9bc8-943c12e5a561,incensed.locker,available,6.88,37.99,medium,low,8,namesilo,,,22/08/2026 01:01
a8f877a4-e10f-42fc-86f8-62f329fa3a32,punjab.locker,available,6.88,37.99,high,low,6,namesilo,,,27/09/2026 05:06
43c1ebb0-b500-424c-b5ff-710f79e8162d,unknowable.locker,available,6.88,37.99,medium,low,10,namesilo,,,12/09/2026 14:17
cc56b729-5be7-4116-9d15-78c09a6e813b,pre.locker,premium,517.7,31.25,high,low,3,spaceship,,,02/10/2026 02:30
e6932768-aada-4696-b5e8-910c1d63ed7a,flooding.locker,available,6.88,37.99,medium,low,8,namesilo,,,29/09/2026 00:57
d7cfaa68-6f7a-4e7b-8996-88a4f18e2b91,biaxal.locker,available,6.88,37.99,medium,low,6,namesilo,,,09/08/2026 18:46
4f902541-8ba6-4d69-9ed4-7283d7502f43,vanadium.locker,available,6.88,37.99,medium,low,8,namesilo,,,20/09/2026 22:37
02139532-4ed8-46ae-8603-9186da35f499,aarhus.locker,available,6.88,37.99,medium,low,6,namesilo,,,16/09/2026 13:27
88107bb9-25a0-4e4f-a0a2-24b9582e9d67,shortness.locker,available,6.88,37.99,medium,low,9,namesilo,,,16/09/2026 17:27
6400658f-069f-4759-9034-b2ce2011c5cf,drubbing.locker,available,6.88,37.99,medium,low,8,namesilo,,,13/09/2026 07:58
2bfe0b7e-e871-4ec0-9a91-ad1fb8e1cb3a,tazewell.locker,available,5.68,31.25,medium,low,8,spaceship,,,02/10/2026 10:32
6c6c811c-2eb6-4ee6-ad11-f889f897fa60,wipes.locker,available,6.88,37.99,medium,low,5,namesilo,,,20/09/2026 09:39
7b0a4d18-6f34-4e0f-b189-23db36a0a3ef,laramie.locker,available,5.68,31.25,medium,low,7,spaceship,,,28/09/2026 14:40
fbc250f0-5255-4440-b9f9-5357fae8a48f,asked.locker,available,6.98,56.98,high,low,5,namecheap,,,01/10/2026 19:00
9ad039f6-2e67-44c2-8e15-69c3bb6968a7,struct.locker,available,5.68,31.25,high,low,6,spaceship,,,02/10/2026 07:44
7ab6b990-dd63-43ba-8c5c-b42dd1331229,feud.locker,available,9.99,59.99,high,low,4,godaddy,,,30/09/2026 01:37
3d6a0547-735d-47d9-a107-7b99ebd361b7,sizeable.locker,available,6.88,37.99,high,low,8,namesilo,,,20/08/2026 16:40
fae46a5c-b72c-4bf8-8303-fa04770fc8a7,road.locker,available,5.68,31.25,high,low,4,spaceship,,,30/09/2026 10:19
7af787e7-b08a-461f-b3e5-0d17e9fd645c,volcanoes.locker,available,6.88,37.99,medium,low,9,namesilo,,,30/09/2026 15:37
5ae2d23a-9441-4328-adde-8f3459f29129,cougar.locker,available,5.68,31.25,high,low,6,spaceship,,,30/09/2026 09:16
e2a9180e-e721-42fc-94f2-c6df6e0358ef,contest.locker,premium,1300,39,high,low,7,namecheap,,,29/09/2026 11:25
d0a08b3a-88df-4ff5-b85a-5a3d72413a20,kossuth.locker,available,5.57,32.32,medium,low,7,dynadot,,,02/10/2026 07:58
d0d124dd-e872-4141-a71c-4842caa88a4f,albuca.locker,available,6.88,37.99,medium,low,6,namesilo,,,18/09/2026 03:19
7077caff-4968-4193-8590-b40c71c65ef9,drafty.locker,available,6.98,56.98,medium,low,6,namecheap,,,14/08/2026 18:12
346d7f2a-40e9-4a80-8c56-48aeb4153610,hayseed.locker,available,6.88,37.99,medium,low,7,namesilo,,,21/08/2026 08:05
cef82243-a5ed-4df0-9de2-725537fd38e6,okinawa.locker,available,6.88,37.99,high,low,7,namesilo,,,30/09/2026 10:39
dcd3bc6a-0038-4770-ae4d-1dc4ac8b2cfa,secluded.locker,available,6.88,37.99,high,low,8,namesilo,,,27/09/2026 06:24
019fec2a-f67b-46f0-a8d8-887b8d6f97bc,ratlike.locker,available,6.88,37.99,high,medium,7,namesilo,,,09/09/2026 10:35
95fee6b7-6fa3-4c10-90a9-94c6b6f7f69c,particles.locker,available,5.68,31.25,medium,low,9,spaceship,,,03/10/2026 01:16
a3168e85-700c-4c1e-87b6-1ea134bebb97,unthankful.locker,available,6.88,37.99,medium,low,10,namesilo,,,11/09/2026 12:29
f540971b-5469-4cc0-a780-31cd3fcdafd8,earmark.locker,available,6.88,37.99,high,low,7,namesilo,,,06/08/2026 09:08
1d380343-b460-4a7d-a99e-b63450bfd1c4,industrially.locker,available,6.98,56.98,medium,low,12,namecheap,,,02/10/2026 18:27
6b0216e6-2418-4e4f-9b12-cefe59f7fb35,washed.locker,available,6.88,37.99,high,low,6,namesilo,,,13/09/2026 08:31
4ed44dda-15ce-4f75-81e2-6d3131b27464,broken.locker,premium,159.23,8.8,high,low,6,namesilo,,,23/09/2026 09:56
95d2e8e9-88e7-4779-a226-bf5c80de0c3c,aloft.locker,available,6.98,56.98,high,low,5,namecheap,,,13/09/2026 19:10
5faadedd-56e4-45a1-a7c2-e9606661ff46,coins.locker,premium,13000,39,high,medium,5,namecheap,,,16/09/2026 08:35
8c713a6e-2db3-42dc-b5c5-441642078165,flags.locker,premium,58.72,8.8,high,low,5,namesilo,,,02/10/2026 07:17
989c5213-8062-4dad-a165-2c57876e14c4,inanimate.locker,available,6.88,37.99,medium,low,9,namesilo,,,22/08/2026 00:17
7dd1d76b-fa56-4bae-9239-2e092b20a1d7,plowed.locker,available,6.98,56.98,medium,low,6,namecheap,,,08/09/2026 21:24
7d105530-7820-4e49-b21b-37474d9c684e,dumps.locker,available,6.88,37.99,high,low,5,namesilo,,,30/09/2026 09:26
b9912439-6278-4903-ba79-680289c2c314,xlvi.locker,available,6.88,37.99,medium,low,4,namesilo,,,
77beb6bc-19ba-41f0-a3f2-dc4d258aef78,ipc.locker,premium,159.23,8.8,medium,low,3,namesilo,,,28/09/2026 15:52
fc6e5f88-f95f-436f-84b5-fd880f7f18c5,reminded.locker,available,6.88,37.99,medium,low,8,namesilo,,,18/09/2026 03:00
74d86b91-c6c2-4799-b9ca-b1fc1514f785,doctoral.locker,available,6.88,37.99,medium,low,8,namesilo,,,14/08/2026 14:19
91629dab-da86-4f46-afe0-9954b27628c5,baines.locker,available,5.68,31.25,medium,low,6,spaceship,,,30/09/2026 21:38
59baf703-f87a-422e-ae87-35044864cd11,based.locker,available,5.57,32.32,high,medium,5,dynadot,,,02/10/2026 05:57
588fe9bf-2aa2-4c65-9fcd-33202dba30d4,hotels.locker,premium,318.46,8.8,high,high,6,namesilo,,,20/09/2026 05:12
d6ebe53f-2b0b-4dd7-9c25-d077630417b6,tissues.locker,available,5.68,31.25,medium,low,7,spaceship,,,29/09/2026 10:39
19ab6cae-c532-45b7-a33f-f2f834ad8eba,cooperative.locker,available,5.68,31.25,high,low,12,spaceship,,,29/09/2026 02:51
3633044e-1257-43ac-9cb7-21593927f08b,kidd.locker,available,6.98,56.98,high,low,4,namecheap,,,28/09/2026 01:23
ce53f09e-b555-49f5-b4d9-a14b6d082add,misdirect.locker,available,6.88,37.99,medium,low,9,namesilo,,,13/08/2026 02:26
781e2294-652e-4975-ac5e-70c2b9b1b44c,experiments.locker,available,32.32,32.32,medium,low,11,dynadot,,,28/09/2026 04:57
955d7d45-0b31-42ba-9250-52e20feb59dc,increase.locker,available,5.68,31.25,high,low,8,spaceship,,,29/09/2026 20:27
eeb25643-0381-45a7-b7d1-6698a305e65e,seagoing.locker,available,6.88,37.99,medium,low,8,namesilo,,,04/09/2026 00:24
8fadbaf7-00c5-4ca1-870e-b82d33232bf4,reins.locker,available,6.88,37.99,medium,low,5,namesilo,,,01/10/2026 15:51
a7d29033-7a9a-4c1f-bc38-3d0dd50cd131,weinberg.locker,available,5.66,31.41,medium,low,8,porkbun,,,28/09/2026 10:58
5a5541d4-8716-48a4-9c6a-e172128906ad,lenin.locker,available,5.68,31.25,high,low,5,spaceship,,,30/09/2026 17:54
40d0c598-4b3e-47c9-9555-4dc2f69182f7,westside.locker,available,6.88,37.99,high,low,8,namesilo,,,13/09/2026 11:00
2c5e22aa-4bac-4405-857f-53bcb1eeeefa,vocalizing.locker,available,6.88,37.99,high,medium,10,namesilo,,,10/09/2026 08:24
7cfdb5a5-ba6e-4689-aad9-841abd15c809,formality.locker,available,6.88,37.99,high,low,9,namesilo,,,30/09/2026 09:43
9aef5556-f227-47ed-a39c-15012359ead9,youngish.locker,available,6.88,37.99,medium,low,8,namesilo,,,13/09/2026 14:49
ace92996-62af-419e-88c9-e2c512ef04ea,statistic.locker,available,6.88,37.99,high,low,9,namesilo,,,30/09/2026 11:05
08cb7054-afe6-43c0-89f9-6215c29069f3,uncordial.locker,available,6.88,37.99,medium,low,9,namesilo,,,12/09/2026 06:13
2c4051dd-d1ed-49d5-8200-2cf5da7b5541,perturb.locker,available,6.98,56.98,medium,low,7,namecheap,,,24/09/2026 22:49
bca1664e-15c3-419a-a2d6-78507a73a35d,clinch.locker,available,6.88,37.99,high,low,6,namesilo,,,02/10/2026 04:22
9039f906-af37-4ed5-9360-98ea03ee3cb5,cacophonic.locker,available,6.88,37.99,low,low,10,namesilo,,,11/08/2026 12:33
cada51e6-9c97-4963-aca9-c24213881f89,agerasia.locker,available,6.98,56.98,medium,low,8,namecheap,,,17/09/2026 17:14
ec32210c-230d-4d41-b9f3-6358ea68e498,eyed.locker,available,6.98,56.98,high,low,4,namecheap,,,17/08/2026 20:00
f622ee2d-4651-47e9-b147-af33deb52201,scab.locker,available,6.98,56.98,medium,low,4,namecheap,,,24/09/2026 02:52
3354a08e-9161-4c03-a4b3-bdc0d4211ec8,avulsion.locker,available,6.98,56.98,medium,low,8,namecheap,,,21/09/2026 09:54
06d0b712-51b9-4903-9a97-f4a8273b55e8,kitten.locker,available,5.68,31.25,high,low,6,spaceship,,,29/09/2026 07:25
264a4034-57af-4f27-a326-7a2a0972d22c,hmm.locker,premium,517.7,31.25,high,low,3,spaceship,,,01/10/2026 04:54
10b5f85a-4e55-4952-ab08-daf695ec1cae,amazement.locker,available,6.88,37.99,high,low,9,namesilo,,,18/09/2026 16:18
3e400c83-0f33-4d11-aeba-3b304269a499,equatorial.locker,available,6.88,37.99,high,low,10,namesilo,,,17/08/2026 11:40
200d7551-b6ec-4ee1-9e10-2f7a856b2869,sarajevo.locker,available,6.88,37.99,high,low,8,namesilo,,,28/09/2026 06:43
8f0742e0-3d3d-4fe3-8366-4f2d3bdcfc68,isolating.locker,available,5.57,32.32,medium,low,9,dynadot,,,01/10/2026 22:59
6a1dd661-ace5-4dda-9cf1-876b6dd92339,corsair.locker,available,6.88,37.99,high,low,7,namesilo,,,22/09/2026 04:33
a5d1e0a3-6cc4-4e9e-9e5c-bdfc6eba3830,forces.locker,available,6.98,56.98,high,low,6,namecheap,,,16/09/2026 15:45
c723d2bc-e5fb-49e2-b0a8-d502fd7a42bc,adynamic.locker,available,6.88,37.99,medium,low,8,namesilo,,,
d16155a8-22d3-4dd0-9db1-128478f3a182,abuja.locker,available,6.98,56.98,medium,low,5,namecheap,,,16/09/2026 18:50
058fa697-c391-43f6-9c5a-74b9874aee75,baic.locker,available,6.98,56.98,medium,low,4,namecheap,,,21/09/2026 18:51
8b3c3849-65c9-4439-a3fc-7f85ba93f33c,cilicia.locker,available,6.88,37.99,medium,low,7,namesilo,,,30/09/2026 13:19
c223f563-1881-4212-b1cf-cf6410441408,jillion.locker,available,6.98,56.98,medium,low,7,namecheap,,,11/09/2026 19:52
5b442c6d-03b3-4998-b8d3-cade941dcb22,inman.locker,available,5.68,31.25,medium,low,5,spaceship,,,29/09/2026 15:42
455f48ef-fc4c-4215-9357-b1214ecde858,anabolic.locker,available,6.88,37.99,high,low,8,namesilo,,,
892e6585-76e6-4bcf-8139-25a600b48208,lumps.locker,available,6.98,56.98,medium,low,5,namecheap,,,02/10/2026 22:09
e6df0a39-6400-4d36-a2c9-28cf3b62334a,dprk.locker,available,5.57,32.32,medium,low,4,dynadot,,,02/10/2026 04:32
299a3fa8-99fb-4297-acd3-f1005f98a951,doncaster.locker,available,6.88,37.99,high,low,9,namesilo,,,29/09/2026 23:47
7ace6fc6-5325-4220-9cb5-83a1abd27bdd,archimedes.locker,available,6.88,37.99,medium,low,10,namesilo,,,20/09/2026 02:08
60dfc48b-3e26-461e-b9b9-e8e98a6ef0d4,begging.locker,available,6.88,37.99,medium,low,7,namesilo,,,23/09/2026 02:16
395e5aeb-a45b-4f57-9422-8f7bba1bce44,avondale.locker,available,6.88,37.99,medium,low,8,namesilo,,,30/09/2026 21:47
8727f43d-28f0-43ca-b1f7-4a4558707492,mixes.locker,available,5.57,32.32,medium,low,5,dynadot,,,01/10/2026 00:35
79d4f362-df1a-4460-b65c-083f6cefb392,axis.locker,available,6.88,37.99,high,medium,4,namesilo,,,28/09/2026 23:58
31d320d1-88f6-4c4d-b317-f4dc2419d033,fink.locker,available,6.88,37.99,high,medium,4,namesilo,,,11/08/2026 16:11
736b121f-0625-4660-9955-df5ce5a07fc3,fivefold.locker,available,6.88,37.99,medium,low,8,namesilo,,,18/08/2026 05:56
f36ed08c-03ea-437e-91e2-6ec09f476173,murine.locker,available,6.88,37.99,medium,low,6,namesilo,,,03/09/2026 11:04
8d7a492e-d285-4636-9547-d93f2ab4a994,modesty.locker,available,6.88,37.99,high,low,7,namesilo,,,30/09/2026 04:51
f09b6f66-2f37-416b-bd99-8e89bb57b7ab,abductor.locker,available,6.88,37.99,medium,low,8,namesilo,,,16/09/2026 14:54
e65d6b2f-2dfc-411b-8fd1-f5eecdab2696,bicameral.locker,available,6.98,56.98,medium,low,9,namecheap,,,09/08/2026 19:06
3f4a1ed4-14e2-49ba-939e-d24f05ac4a46,suppertime.locker,available,6.98,56.98,high,low,10,namecheap,,,24/09/2026 22:23
c30b5222-1788-4c35-9e54-ff8b956f0fa2,bestowed.locker,available,32.32,32.32,medium,low,8,dynadot,,,30/09/2026 14:44
a3fc3817-aaf8-4930-94fc-f73a8772d494,supposing.locker,available,5.68,31.25,high,low,9,spaceship,,,02/10/2026 07:08
275cc7a2-e41a-49f3-a394-140c756a6eba,craved.locker,available,6.88,37.99,high,low,6,namesilo,,,13/08/2026 05:25
285069dd-3c3c-4205-b986-40cf5471ba6b,attacker.locker,available,6.98,56.98,high,low,8,namecheap,,,17/09/2026 17:41
2d50470f-f5d3-4686-88cd-11be88365c04,lxv.locker,premium,58.72,8.8,medium,low,3,namesilo,,,
61cc0732-0ad2-49b2-9849-99b21f313e88,includes.locker,available,5.68,31.25,low,low,8,spaceship,,,28/09/2026 08:22
48622702-3883-4393-84bc-06c3f7c75c63,caltech.locker,available,5.68,31.25,high,low,7,spaceship,,,30/09/2026 20:50
df9a21b8-51ae-49a7-b4b8-fab5df3fe4e6,aftertaste.locker,available,6.98,56.98,high,low,10,namecheap,,,17/09/2026 15:52
c5066469-4dd3-49c6-a265-bae44eacc194,globally.locker,available,6.88,37.99,high,low,8,namesilo,,,14/09/2026 21:41
1aae90be-48d5-4937-88bb-1a864da9bc4d,mccormick.locker,available,6.88,37.99,high,low,9,namesilo,,,25/09/2026 04:30
af0da444-5e99-4e42-b7fe-a0adc096aa62,woolf.locker,available,6.88,37.99,medium,low,5,namesilo,,,17/09/2026 07:19
e9bda8d8-e24e-4595-aba9-1e0d550854bc,considers.locker,available,6.88,37.99,medium,low,9,namesilo,,,29/09/2026 10:45
5f4039b3-5d8d-4567-ba2a-cdcd430fafa1,cruiser.locker,available,5.66,31.41,medium,low,7,porkbun,,,28/09/2026 18:32
ec864801-a0f3-4690-8865-306e41a9fdbd,unlucky.locker,available,6.98,56.98,medium,low,7,namecheap,,,21/08/2026 19:11
25f1b59f-b0f7-452b-b656-e24705e5aeb2,bodies.locker,available,6.88,37.99,medium,low,6,namesilo,,,25/09/2026 16:46
bf8066e0-6bf7-4a52-b355-f0a69b377689,overpowering.locker,available,5.66,31.41,medium,low,12,porkbun,,,03/10/2026 03:16
09f8e64f-d125-4d7e-b929-27a6ad11477a,diploid.locker,available,6.88,37.99,medium,low,7,namesilo,,,14/08/2026 08:26
d3f2d729-d915-4836-8e53-031685ddc967,barbate.locker,available,6.88,37.99,medium,low,7,namesilo,,,08/08/2026 16:10
47c4b2a4-a00e-4f40-b974-f6d920bb661a,glooming.locker,available,6.88,37.99,medium,low,8,namesilo,,,20/08/2026 14:41
18623dfb-6de0-453c-8922-06bbcd0ad50e,mum.locker,premium,159.23,8.8,high,low,3,namesilo,,,25/09/2026 22:08
2d21f898-ff6f-4208-96fa-f93342627739,garlic.locker,available,5.68,31.25,high,low,6,spaceship,,,28/09/2026 19:27
d7da661e-c6e3-42ba-a130-7d7cf878d07f,hypotonic.locker,available,6.88,37.99,medium,low,9,namesilo,,,21/08/2026 17:19
2a493da2-5517-47bb-9092-b75c9aa479a9,disasters.locker,available,6.88,37.99,low,low,9,namesilo,,,29/09/2026 17:40
da0b97c4-8cd2-43a2-bba4-ef4b0c79aaea,crowley.locker,available,6.88,37.99,medium,low,7,namesilo,,,27/09/2026 01:51
3ab77cb4-0328-4e0c-8b35-ed0d081a468d,lorentz.locker,available,32.32,32.32,medium,low,7,dynadot,,,28/09/2026 19:26
c99cf8d9-5368-411e-b085-ce899cfda1f5,tentacles.locker,available,5.68,31.25,medium,low,9,spaceship,,,02/10/2026 03:57
6f066c17-0853-4150-86ed-c029e730a087,pilary.locker,available,6.88,37.99,high,medium,6,namesilo,,,08/09/2026 19:40
1b78025a-0759-400c-af70-2be4a3264ff0,albinism.locker,available,6.88,37.99,medium,low,8,namesilo,,,18/09/2026 02:54
57ad28c9-f374-40c2-bd77-8eeb7b371dfd,possibility.locker,available,6.98,56.98,high,low,11,namecheap,,,25/09/2026 16:40
84bb718a-63ec-4871-b8d4-329c0f8c20b6,administration.locker,available,6.88,37.99,high,low,14,namesilo,,,02/10/2026 12:30
71b2b617-3388-4a2e-bdae-099ecba9b1a2,ruckle.locker,available,6.88,37.99,medium,low,6,namesilo,,,13/08/2026 07:12
04ed8ce1-2c21-4746-913d-4b0d7df58a4f,rupp.locker,available,6.88,37.99,high,low,4,namesilo,,,02/10/2026 07:59
be98aa66-82c3-42f6-9403-a80cb3dca9d2,prevents.locker,available,5.68,31.25,medium,low,8,spaceship,,,29/09/2026 16:31
a59fb5c1-da8c-479f-ab7b-d3e95ebeb269,luscious.locker,available,6.88,37.99,high,low,8,namesilo,,,14/08/2026 00:22
9836ff3c-8e1a-4965-9320-d4c75873d976,decorated.locker,available,6.88,37.99,high,low,9,namesilo,,,21/09/2026 19:45
3637595e-9282-4c16-9894-404dd7609c9e,starved.locker,available,6.88,37.99,medium,low,7,namesilo,,,17/08/2026 13:45
f00e06f0-523a-44c6-8e4a-99a769b30b92,ricefield.locker,available,13.25,37.99,medium,low,10,namesilo,,,
5adc98fa-38d3-4809-a2c9-e9c4eb784cd7,uno.locker,premium,517.7,31.25,high,medium,3,spaceship,,,28/09/2026 21:47
76771d72-5d21-4394-9c70-7dadc2a15cf2,neotenous.locker,available,6.88,37.99,medium,low,9,namesilo,,,03/09/2026 15:33
6552fc57-6cf5-4fca-b1c3-505542605b44,shirty.locker,available,6.88,37.99,high,medium,6,namesilo,,,10/09/2026 06:37
08a55bf7-f814-4df8-81a0-7c9196bc65e3,booth.locker,premium,58.72,8.8,high,low,5,namesilo,,,24/09/2026 07:20
eb69aa0c-778c-43de-8cd4-5a683077aa95,chemistry.locker,premium,1035.2,31.25,high,low,9,spaceship,,,01/10/2026 20:13
0aa7782a-dacc-4e4a-8af7-8836af641c72,immigrants.locker,available,5.68,31.25,medium,low,10,spaceship,,,29/09/2026 17:14
52eaa1c3-d176-427a-ae68-85de2270610d,taboo.locker,available,6.88,37.99,high,low,5,namesilo,,,18/08/2026 11:03
57da74db-2062-4ffd-bd9b-5c964e39f6d5,effete.locker,available,6.98,56.98,medium,low,6,namecheap,,,13/08/2026 20:52
bf8461dd-6fd5-4392-baee-7b07cacddd76,astronomical.locker,available,5.68,31.25,high,low,12,spaceship,,,29/09/2026 14:28
ada740e3-47fa-4c45-8fd2-eaf269787327,anodic.locker,available,6.88,37.99,high,low,6,namesilo,,,
ad02ee4a-ffa1-4ae1-acb4-b968e20711d5,partitioning.locker,available,5.68,31.25,high,low,12,spaceship,,,29/09/2026 09:00
54cb76fe-173d-4cfd-89e4-91659e0d0696,splenic.locker,available,6.88,37.99,medium,low,7,namesilo,,,23/08/2026 01:27
5841c59c-9f40-415f-855c-0b62c9a881c2,defensive.locker,available,6.88,37.99,high,low,9,namesilo,,,13/08/2026 23:15
a6304887-3eba-48ed-9004-2a792e351692,derelict.locker,available,6.98,56.98,medium,low,8,namecheap,,,21/09/2026 13:39
ee2d5415-67e7-46d5-ab84-2561a91d90df,scandium.locker,available,6.88,37.99,medium,low,8,namesilo,,,20/09/2026 22:34
045ec4e5-2d71-479d-9607-21c615995da6,unhindered.locker,available,6.88,37.99,medium,low,10,namesilo,,,12/09/2026 11:55
b368ecda-86f6-40d0-948f-9dcd5cb6fadf,skeleton.locker,available,5.68,31.25,high,low,8,spaceship,,,28/09/2026 10:56
7ee90faf-2bdd-4c71-9d45-74572e23a10d,aragonite.locker,available,6.88,37.99,medium,low,9,namesilo,,,19/09/2026 23:43
6cf1cff7-e965-4f33-99ed-cbf0c1f69f1e,hun.locker,premium,58.72,8.8,high,low,3,namesilo,,,30/09/2026 16:28
6ff2d30d-cbb7-4723-b6c9-56ab734df2ff,hutchings.locker,available,6.98,56.98,medium,low,9,namecheap,,,02/10/2026 20:11
b9ed0fcf-b09f-4a56-8532-15298b8e393d,bem.locker,available,6.88,37.99,medium,low,3,namesilo,,,03/10/2026 03:32
a4ded74b-ad64-4181-9952-59ab64ec0878,vivian.locker,available,5.66,31.41,high,low,6,porkbun,,,28/09/2026 03:58
9d872087-2197-4502-829f-7b93806e4c77,lovingness.locker,available,6.98,56.98,high,low,10,namecheap,,,11/08/2026 19:18
b5062a74-01a2-499c-bebf-31f3361d9189,perplex.locker,available,6.98,56.98,high,low,7,namecheap,,,21/09/2026 17:26
ebe09aa3-14ff-42ed-9552-7ae375318806,almoner.locker,available,6.88,37.99,medium,low,7,namesilo,,,18/09/2026 12:40
24403320-000a-4f23-a6d1-ceca920dc73d,refreshing.locker,available,6.88,37.99,high,low,10,namesilo,,,11/08/2026 00:37
05068a36-bbb8-48d4-9e98-3dc451e777ba,palatal.locker,available,6.88,37.99,medium,low,7,namesilo,,,04/09/2026 23:18
79b65dec-91ab-40df-82f5-dc99288dcb8b,crooked.locker,available,6.88,37.99,medium,low,7,namesilo,,,13/08/2026 07:51
7b0a7add-6acb-4a6e-81ef-016d069e625e,hayek.locker,available,5.68,31.25,medium,low,5,spaceship,,,01/10/2026 02:14
c01562b7-26e0-4fd2-9fd0-728d42461843,tito.locker,available,6.88,37.99,high,low,4,namesilo,,,25/09/2026 23:21
5072d493-9689-4b8f-a80e-5097a36dadc2,securing.locker,available,13.25,37.99,high,low,8,namesilo,,,
9d3a598e-7b37-4ae3-b093-956467ba7c4b,whap.locker,available,6.98,56.98,medium,low,4,namecheap,,,22/09/2026 10:30
1d7588f6-cdd4-49d1-8ab3-e174d4c189a9,egotistic.locker,available,6.98,56.98,medium,low,9,namecheap,,,12/08/2026 19:55
707e2478-281b-4c06-a6b1-0548c5613f96,narrowly.locker,available,6.88,37.99,medium,low,8,namesilo,,,15/09/2026 16:08
d070bb6c-e87c-4ece-a5ed-69923d066fe0,indolent.locker,available,6.98,56.98,medium,low,8,namecheap,,,17/08/2026 20:53
8f5f0350-68a2-4b76-b030-2caeedbe687f,conflicting.locker,available,5.68,31.25,medium,low,11,spaceship,,,30/09/2026 03:55
bd7a0953-067a-48b0-b2e0-0799722b3e61,enkindled.locker,available,6.88,37.99,medium,low,9,namesilo,,,17/08/2026 09:31
31c8ec78-79ce-476d-9752-dc20885e6db0,faecal.locker,available,6.88,37.99,medium,low,6,namesilo,,,17/08/2026 20:36
18221b34-482c-4c8d-bc38-4a19f8afd5f8,refractory.locker,available,6.88,37.99,medium,low,10,namesilo,,,18/08/2026 13:55
fcaf7b25-9fd8-47b9-89b3-38de39217255,germanium.locker,available,6.88,37.99,medium,low,9,namesilo,,,20/09/2026 22:51
c941f19e-ff55-4e1a-b5b1-0b3d7e28500d,pretorial.locker,available,6.88,37.99,high,medium,9,namesilo,,,09/09/2026 01:02
a6291892-9ae5-4b4b-87da-0d3b126e5c09,carbonic.locker,available,6.88,37.99,medium,low,8,namesilo,,,11/08/2026 18:37
fe58ea30-e194-40f4-85d4-4a11ccf16368,gorky.locker,available,6.88,37.99,high,low,5,namesilo,,,18/09/2026 05:08
40d94e4e-f0cd-42ef-9a37-5189e0990b51,fuses.locker,available,5.68,31.25,medium,low,5,spaceship,,,02/10/2026 13:29
e1225a8a-42d2-4eaf-bbc5-c508cab7245f,unshared.locker,available,6.88,37.99,medium,low,8,namesilo,,,12/09/2026 19:38
e9e32d7d-6050-4837-93ed-4966cca8972f,areola.locker,available,6.88,37.99,medium,low,6,namesilo,,,20/09/2026 03:49
706069dd-d90c-415c-afd5-f7e41318d549,benefits.locker,available,6.88,37.99,high,low,8,namesilo,,,27/09/2026 23:08